date,open,high,close,low,volume,price_change,p_change,ma5,ma10,ma20,v_ma5,v_ma10,v_ma20,turnover
2015-04-07,11.8,11.8,11.29,11.02,830892.5,-0.05,-0.44,11.29,11.29,11.29,830892.5,830892.5,830892.5,18.55
2015-04-08,11.22,11.48,11.08,10.8,535762.25,-0.21,-1.86,11.185,11.185,11.185,683327.38,683327.38,683327.38,11.96
2015-04-09,11.08,11.1,10.73,10.37,407444.0,-0.35,-3.16,11.033,11.033,11.033,591366.25,591366.25,591366.25,9.1
2015-04-10,10.73,10.96,10.89,10.59,330318.66,0.16,1.49,10.998,10.998,10.998,526104.35,526104.35,526104.35,7.38
2015-04-13,10.83,11.24,11.07,10.72,384109.88,0.18,1.65,11.012,11.012,11.012,497705.46,497705.46,497705.46,8.58
2015-04-14,11.04,11.27,11.24,10.75,356723.72,0.17,1.54,11.002,11.05,11.05,402871.7,474208.5,474208.5,7.97
2015-04-15,11.26,11.33,10.59,10.58,280589.59,-0.65,-5.78,10.904,10.984,10.984,351837.17,446548.66,446548.66,6.27
2015-04-16,10.36,11.0,10.81,10.23,284761.81,0.22,2.08,10.92,10.963,10.963,327300.73,426325.3,426325.3,6.36
2015-04-17,10.82,11.18,10.82,10.8,289049.5,0.01,0.09,10.906,10.947,10.947,319046.9,411072.43,411072.43,6.45
2015-04-20,10.82,11.38,11.32,10.75,599256.25,0.5,4.62,10.956,10.984,10.984,362076.17,429890.82,429890.82,13.38
2015-04-21,11.34,11.6,11.56,11.02,510472.0,0.24,2.12,11.02,11.011,11.036,392825.83,397848.77,437216.38,11.4
2015-04-22,11.5,11.7,11.59,11.38,431942.38,0.03,0.26,11.22,11.062,11.083,423096.39,387466.78,436776.88,9.65
2015-04-23,11.59,11.59,11.27,11.2,383031.5,-0.32,-2.76,11.312,11.116,11.097,442750.33,385025.53,432642.62,8.55
2015-04-24,11.05,11.55,11.45,10.84,356033.62,0.18,1.6,11.438,11.172,11.122,456147.15,387597.03,427170.55,7.95
2015-04-27,11.46,11.84,11.47,11.32,346632.59,0.02,0.17,11.468,11.212,11.145,405622.42,383849.3,421801.35,7.74
2015-04-28,11.45,11.47,10.95,10.9,234861.3,-0.52,-4.53,11.346,11.183,11.133,350500.28,371663.05,410117.6,5.24
2015-04-29,10.77,11.08,10.91,10.71,180753.58,-0.04,-0.36,11.21,11.215,11.12,300262.52,361679.45,396625.6,4.04
2015-04-30,10.98,11.13,10.85,10.84,160239.47,-0.06,-0.55,11.126,11.219,11.105,255704.11,349227.22,383493.03,3.58
2015-05-04,10.85,11.35,11.24,10.8,253382.88,0.39,3.59,11.084,11.261,11.112,235173.96,345660.56,376645.13,5.66
2015-05-05,11.19,11.19,10.55,10.5,214303.88,-0.69,-6.14,10.9,11.184,11.084,208708.22,307165.32,368528.07,4.79
2015-05-06,10.54,10.75,10.16,10.01,178308.66,-0.39,-3.7,10.742,11.044,11.028,197397.69,273948.99,335898.88,3.98
2015-05-07,10.15,10.16,9.8,9.69,169503.95,-0.36,-3.54,10.52,10.865,10.964,195147.77,247705.14,317585.96,3.79
2015-05-08,9.86,10.08,10.07,9.83,114085.61,0.27,2.75,10.364,10.745,10.931,185917.0,220810.55,302918.04,2.55
2015-05-11,10.34,10.43,10.4,10.1,180431.88,0.33,3.28,10.196,10.64,10.906,171326.8,203250.38,295423.7,4.03
2015-05-12,10.45,10.96,10.81,10.36,235354.41,0.41,3.94,10.248,10.574,10.893,175536.9,192122.56,287985.93,5.26
2015-05-13,10.68,11.15,10.87,10.26,259763.3,0.06,0.56,10.39,10.566,10.875,191827.83,194612.76,283137.91,5.8
2015-05-14,10.85,10.99,10.76,10.7,177931.59,-0.11,-1.01,10.582,10.551,10.883,193513.36,194330.56,278005.01,3.97
2015-05-15,10.76,11.3,11.13,10.7,346984.84,0.37,3.44,10.794,10.579,10.899,240093.2,213005.1,281116.16,7.75
2015-05-18,11.1,11.77,11.65,11.0,516813.47,0.52,4.67,11.044,10.62,10.941,307369.52,239348.16,292504.36,11.54
2015-05-19,11.5,11.8,11.69,11.32,341910.91,0.04,0.34,11.22,10.734,10.959,328680.82,252108.86,279637.09,7.64
2015-05-20,11.65,12.32,11.65,11.55,372041.72,-0.04,-0.34,11.376,10.883,10.964,351136.51,271482.17,272715.58,8.31
2015-05-21,11.65,11.98,11.84,11.47,274649.31,0.19,1.63,11.592,11.087,10.976,370480.05,281996.7,264850.92,6.13
2015-05-22,12.0,12.4,12.38,11.73,382140.31,0.54,4.56,11.842,11.318,11.032,377511.14,308802.17,264806.36,8.53
2015-05-25,12.62,12.66,12.59,12.21,430661.53,0.21,1.7,12.03,11.537,11.089,360280.76,333825.14,268537.76,9.62
2015-05-26,12.6,13.56,13.16,12.31,487880.53,0.57,4.53,12.324,11.772,11.173,389474.68,359077.75,275600.16,10.9
2015-05-27,13.22,13.94,13.56,13.22,570374.12,0.4,3.04,12.706,12.041,11.304,429141.16,390138.83,292375.8,12.74
2015-05-28,13.57,13.68,12.2,12.2,488242.91,-1.36,-10.03,12.778,12.185,11.368,471859.88,421169.97,307750.26,10.9
2015-05-29,12.1,12.35,11.93,11.35,296762.62,-0.27,-2.21,12.688,12.265,11.422,454784.34,416147.74,314576.42,6.63
2015-06-01,12.07,12.75,12.67,11.9,242669.38,0.74,6.2,12.704,12.367,11.494,417185.91,388733.33,314040.75,5.42
2015-06-02,12.77,13.55,13.53,12.45,351681.66,0.86,6.79,12.778,12.551,11.643,389946.14,389710.41,320909.64,7.85
2015-06-03,13.54,13.6,13.24,12.7,293007.06,-0.29,-2.14,12.714,12.71,11.797,334472.73,381806.94,326644.56,6.54
2015-06-04,13.23,13.23,12.88,12.0,234013.89,-0.36,-2.72,12.85,12.814,11.951,283626.92,377743.4,329870.05,5.23
2015-06-05,13.01,13.47,13.35,12.86,361543.59,0.47,3.65,13.134,12.911,12.115,296583.12,375683.73,342242.95,8.07
2015-06-08,13.39,14.6,14.31,13.22,515493.34,0.96,7.19,13.462,13.083,12.31,351147.91,384166.91,358996.02,11.51
2015-06-09,14.25,14.31,14.09,13.71,354830.66,-0.22,-1.54,13.574,13.176,12.474,351777.71,370861.92,364969.84,7.92
2015-06-10,14.06,14.44,14.34,13.77,306392.69,0.25,1.77,13.794,13.254,12.648,354454.83,344463.78,367301.31,6.84
2015-06-11,14.3,15.23,15.05,14.23,346689.12,0.71,4.95,14.228,13.539,12.862,376989.88,330308.4,375739.18,7.74
2015-06-12,15.19,16.0,15.02,15.0,405427.41,-0.03,-0.2,14.562,13.848,13.057,385766.64,341174.88,378661.31,9.05
2015-06-15,15.05,15.97,15.36,14.73,393944.12,0.34,2.26,14.772,14.117,13.242,361456.8,356302.35,372517.84,8.8
2015-06-16,15.0,16.43,15.91,14.83,440433.91,0.55,3.58,15.136,14.355,13.453,378577.45,365177.58,377443.99,9.84
2015-06-17,15.59,16.8,15.9,15.52,526493.62,-0.01,-0.06,15.448,14.621,13.666,422597.64,388526.24,385166.59,11.76
2015-06-18,15.9,16.4,15.35,15.15,421155.88,-0.58,-3.64,15.508,14.868,13.841,437490.99,407240.43,392491.92,9.4
2015-06-19,14.9,15.3,13.94,13.94,240219.12,-1.55,-10.01,15.292,14.927,13.919,404449.33,395107.99,385395.86,5.36
2015-06-23,13.7,14.2,13.25,12.55,298369.12,-0.69,-4.95,14.87,14.821,13.952,385334.33,373395.57,378781.24,6.66
2015-06-24,13.35,13.8,13.75,12.97,222457.36,0.51,3.85,14.438,14.787,13.982,341739.02,360158.24,365510.08,4.97
2015-06-25,13.82,14.32,13.5,13.2,284538.06,-0.22,-1.6,13.958,14.703,13.979,293347.91,357972.77,351218.28,6.35
2015-06-26,13.0,13.0,12.08,12.08,206811.12,-1.34,-9.98,13.304,14.406,13.973,250478.96,343984.97,337146.69,4.62
2015-06-29,12.3,12.56,10.87,10.87,291249.22,-1.21,-10.02,12.69,13.991,13.92,260684.98,332567.15,336871.02,6.5
2015-06-30,10.45,11.47,11.38,9.78,307326.72,0.51,4.69,12.316,13.593,13.855,262476.5,323905.41,340103.88,6.86
2015-07-01,11.16,11.67,10.24,10.24,258213.7,-1.14,-10.02,11.614,13.026,13.691,269627.76,305683.39,335430.49,5.77
2015-07-02,9.86,10.24,9.22,9.22,257816.36,-1.02,-9.96,10.758,12.358,13.49,264283.42,278815.67,333670.95,5.76
2015-07-03,8.7,9.14,8.3,8.3,249298.73,-0.92,-9.98,10.002,11.653,13.261,272780.95,261629.95,334435.19,5.57
2015-07-06,9.12,9.12,7.47,7.47,342070.25,-0.83,-10.0,9.322,11.006,12.967,282945.15,271815.06,333461.53,7.64
2015-07-07,7.08,7.09,6.72,6.72,161554.41,-0.75,-10.04,8.39,10.353,12.587,253790.69,258133.59,315764.58,3.61
2015-07-08,6.05,6.05,6.05,6.05,24103.0,-0.67,-9.97,7.552,9.583,12.185,206968.55,238298.16,299228.2,0.54
2015-07-09,5.45,6.66,6.66,5.45,392155.41,0.61,10.08,7.04,8.899,11.801,233836.36,249059.89,303516.33,8.76
2015-07-10,6.85,7.33,7.33,6.85,237588.8,0.67,10.06,6.846,8.424,11.415,231494.37,252137.66,298061.32,5.31
2015-07-13,7.8,8.06,8.06,7.5,384641.97,0.73,9.96,6.964,8.143,11.067,240008.72,261476.93,297022.04,8.59
2015-07-14,8.18,8.78,8.31,7.83,508029.12,0.25,3.1,7.282,7.836,10.715,309303.66,281547.18,302726.29,11.34
2015-07-15,8.0,8.07,7.46,7.46,290080.62,-0.83,-10.01,7.564,7.558,10.292,362499.18,284733.87,295208.63,6.48
2015-07-16,6.86,7.87,7.71,6.78,296007.88,0.25,3.35,7.774,7.407,9.883,343269.68,288553.02,283684.34,6.61
2015-07-17,7.51,8.37,8.2,7.51,252348.44,0.49,6.36,7.948,7.397,9.525,346221.61,288857.99,275243.97,5.64
2015-07-20,8.2,8.79,8.77,8.06,374879.03,0.58,7.08,8.09,7.527,9.267,344269.02,292138.87,281976.97,8.37
2015-07-21,8.64,9.24,9.22,8.36,437795.22,0.48,5.49,8.272,7.777,9.065,330222.24,319762.95,288948.27,9.78
2015-07-22,9.35,9.58,9.48,8.79,437306.84,0.27,2.93,8.676,8.12,8.852,359667.48,361083.33,299690.75,9.77
2015-07-23,9.6,10.0,9.73,9.48,437249.94,0.25,2.64,9.08,8.427,8.663,387915.89,365592.79,307326.34,9.76
2015-07-24,9.61,9.8,9.26,9.0,358158.31,-0.47,-4.83,9.292,8.62,8.522,409077.87,377649.74,314893.7,8.0
2015-07-27,9.0,9.58,8.33,8.33,276079.75,-0.92,-9.95,9.204,8.647,8.395,389318.01,366793.52,314135.23,6.17
2015-07-28,7.52,8.41,7.85,7.5,294986.28,-0.48,-5.76,8.93,8.601,8.219,360756.22,345489.23,313518.2,6.59
2015-07-29,8.05,8.65,8.65,7.86,267162.75,0.79,10.05,8.764,8.72,8.139,326727.41,343197.44,313965.66,5.97
2015-07-30,8.79,9.52,9.52,8.65,411069.28,0.87,10.06,8.722,8.901,8.154,321491.27,354703.58,321628.3,9.18
2015-07-31,9.59,9.81,9.3,9.07,546035.94,-0.22,-2.31,8.73,9.011,8.204,359066.8,384072.33,336465.16,12.19
2015-08-03,9.0,9.13,8.36,8.36,268976.16,-0.93,-10.01,8.736,8.97,8.249,357646.08,373482.05,332810.46,6.01
2015-08-04,8.35,9.18,9.16,8.34,277388.94,0.8,9.57,8.998,8.964,8.371,354126.61,357441.42,338602.18,6.19
2015-08-05,9.14,9.18,8.83,8.71,277166.0,-0.33,-3.6,9.034,8.899,8.51,356127.26,341427.34,351255.33,6.19
2015-08-06,8.46,9.18,8.85,8.45,181705.97,0.01,0.11,8.9,8.811,8.619,310254.6,315872.94,340732.86,4.06
2015-08-07,8.91,9.45,9.22,8.85,297287.5,0.38,4.3,8.884,8.807,8.714,260504.91,309785.86,343717.8,6.64
2015-08-10,9.26,9.88,9.6,9.14,438497.56,0.37,4.01,9.132,8.934,8.791,294409.19,326027.64,346410.58,9.79
2015-08-11,9.63,10.18,9.87,9.34,464266.31,0.28,2.92,9.274,9.136,8.869,331784.67,342955.64,344222.44,10.37
2015-08-12,9.6,10.14,9.63,9.56,321690.12,-0.24,-2.43,9.434,9.234,8.977,340689.49,348408.38,345802.91,7.18
2015-08-13,9.45,9.85,9.79,9.34,252526.11,0.15,1.56,9.622,9.261,9.081,354853.52,332554.06,343628.82,5.64
2015-08-14,9.82,10.27,10.05,9.69,380576.38,0.26,2.66,9.788,9.336,9.174,371511.3,316008.11,350040.22,8.5
2015-08-17,10.09,11.08,11.08,9.97,476889.69,1.01,10.03,10.084,9.608,9.289,379189.72,336799.46,355140.75,10.65
2015-08-18,11.1,11.94,10.34,9.97,755080.44,-0.74,-6.68,10.178,9.726,9.345,437352.55,384568.61,371005.01,16.86
2015-08-19,9.93,11.39,11.39,9.93,568334.25,1.04,10.05,10.53,9.982,9.441,486681.37,413685.43,377556.38,12.69
2015-08-20,11.68,12.3,11.45,11.26,700310.12,0.06,0.53,10.862,10.242,9.527,576238.18,465545.85,390709.39,15.64
2015-08-21,10.98,11.27,10.29,10.29,404417.97,-1.14,-9.97,10.91,10.349,9.578,581006.49,476258.89,393022.38,9.03
2015-08-24,9.39,9.72,9.26,9.26,138226.0,-1.03,-10.01,10.546,10.315,9.625,513273.76,446231.74,386129.69,3.09
2015-08-25,8.33,8.33,8.33,8.33,33992.0,-0.93,-10.04,10.144,10.161,9.649,369056.07,403204.31,373079.97,0.76
2015-08-26,7.5,8.55,7.5,7.5,466824.62,-0.83,-9.96,9.366,9.948,9.591,348754.14,417717.76,383063.07,10.42
2015-08-27,7.53,7.83,7.55,6.75,370115.5,0.05,0.67,8.586,9.724,9.493,282715.22,429476.7,381015.38,8.27
2015-08-28,7.65,8.29,8.29,7.4,323160.47,0.75,9.95,8.186,9.548,9.442,266463.72,423735.11,369871.61,7.22
2015-08-31,8.28,8.28,7.52,7.5,247049.45,-0.77,-9.29,7.838,9.192,9.4,288228.41,400751.08,368775.27,5.52
2015-09-01,7.58,7.8,6.87,6.78,252739.41,-0.66,-8.77,7.546,8.845,9.286,331977.89,350516.98,367542.79,5.64
2015-09-02,6.55,7.19,6.35,6.22,221001.78,-0.5,-7.3,7.316,8.341,9.162,282813.32,315783.73,364734.58,4.94
2015-09-07,6.49,6.77,6.46,6.3,201312.09,0.17,2.7,7.098,7.842,9.042,249052.64,265883.93,365714.89,4.5
2015-09-08,6.45,7.1,7.05,6.32,177118.05,0.6,9.3,6.85,7.518,8.934,219844.16,243153.94,359706.42,3.96
2015-09-09,7.05,7.45,7.3,6.99,255117.17,0.28,3.99,6.806,7.322,8.819,221457.7,254843.05,350537.4,5.7
2015-09-10,7.07,7.63,7.22,7.07,223783.66,-0.08,-1.1,6.876,7.211,8.686,215666.55,273822.22,338513.26,5.0
2015-09-11,7.1,7.36,7.36,7.06,178549.3,0.15,2.08,7.078,7.197,8.573,207176.05,244994.69,331356.22,3.99
2015-09-14,7.37,7.6,6.6,6.6,275715.84,-0.73,-9.96,7.106,7.102,8.413,222056.8,235554.72,332515.71,6.16
2015-09-15,6.39,6.64,5.98,5.94,215860.44,-0.62,-9.39,6.892,6.871,8.21,229805.28,224824.72,324279.91,4.82
2015-09-16,6.05,6.58,6.58,6.04,203325.7,0.6,10.03,6.748,6.777,7.985,219446.99,220452.34,310601.71,4.54
2015-09-17,6.6,6.96,6.36,6.31,201622.95,-0.22,-3.34,6.576,6.726,7.786,215014.85,215340.7,282928.84,4.5
2015-09-18,6.45,6.63,6.63,6.33,132248.19,0.25,3.92,6.43,6.754,7.548,205754.62,206465.34,261124.54,2.95
2015-09-21,6.54,6.95,6.88,6.5,163046.39,0.26,3.93,6.486,6.796,7.319,183220.73,202638.77,234261.35,3.64
2015-09-22,6.9,7.05,6.91,6.78,177381.56,0.02,0.29,6.672,6.782,7.15,175524.96,202665.12,222909.53,3.96
2015-09-23,6.76,7.2,7.01,6.61,215615.81,0.1,1.45,6.758,6.753,7.038,177982.98,198714.98,226779.02,4.81
2015-09-24,7.05,7.12,7.03,6.88,148909.59,0.03,0.43,6.892,6.734,6.973,167440.31,191227.58,232524.9,3.33
2015-09-25,6.98,7.14,6.69,6.5,128633.17,-0.34,-4.84,6.904,6.667,6.932,166717.3,186235.96,215615.33,2.87
2015-09-28,6.71,6.89,6.87,6.48,91628.54,0.19,2.84,6.902,6.694,6.898,152433.73,167827.23,201690.98,2.05
2015-09-29,6.6,7.19,6.96,6.59,208468.81,0.09,1.31,6.912,6.792,6.832,158651.18,167088.07,195956.39,4.66
2015-09-30,6.91,7.02,6.81,6.75,134356.55,-0.15,-2.15,6.872,6.815,6.796,142399.33,160191.16,190321.75,3.0
2015-10-08,6.99,7.21,7.15,6.93,171682.55,0.35,5.15,6.896,6.894,6.81,146953.92,157197.12,186268.91,3.83
2015-10-09,7.13,7.45,7.31,7.06,186222.81,0.17,2.38,7.02,6.962,6.858,158471.85,162594.58,184529.96,4.16
2015-10-12,7.35,7.8,7.61,7.26,225227.44,0.3,4.1,7.168,7.035,6.916,185191.63,168812.68,185725.73,5.03
2015-10-13,7.51,7.86,7.79,7.46,231082.31,0.17,2.23,7.334,7.123,6.953,189714.33,174182.76,188423.94,5.16
2015-10-14,7.83,8.32,7.65,7.54,315252.88,-0.15,-1.92,7.502,7.187,6.97,225893.6,184146.47,191430.72,7.04
2015-10-15,7.58,7.9,7.83,7.54,287872.28,0.18,2.35,7.638,7.267,7.001,249131.54,198042.73,194635.16,6.43
2015-10-16,7.85,8.12,8.08,7.59,357649.97,0.25,3.19,7.792,7.406,7.037,283416.98,220944.41,203590.19,7.99
2015-10-19,8.01,8.07,7.87,7.77,251899.09,-0.21,-2.6,7.844,7.506,7.1,288751.31,236971.47,202399.35,5.63
2015-10-20,7.87,8.07,7.98,7.8,198681.66,0.11,1.4,7.882,7.608,7.2,282271.18,235992.75,201540.41,4.44
2015-10-21,7.97,7.97,7.21,7.19,307541.25,-0.78,-9.76,7.794,7.648,7.232,280728.85,253311.22,206751.19,6.87
2015-10-22,7.26,7.5,7.44,7.07,232740.52,0.24,3.33,7.716,7.677,7.286,269702.5,259417.02,208307.07,5.2
2015-10-23,7.41,7.89,7.76,7.39,238634.38,0.32,4.3,7.652,7.722,7.342,245899.38,264658.18,213626.38,5.33
2015-10-26,7.86,8.36,8.15,7.8,458381.84,0.39,5.03,7.708,7.776,7.406,287195.93,287973.62,228393.15,10.24
2015-10-27,8.08,8.11,8.0,7.72,284053.28,-0.15,-1.84,7.712,7.797,7.46,304270.25,293270.72,233726.74,6.34
2015-10-28,7.95,8.1,7.75,7.7,199565.72,-0.25,-3.12,7.82,7.807,7.497,282675.15,281702.0,232924.23,4.46
2015-10-29,7.76,7.94,7.84,7.71,156608.66,0.1,1.29,7.9,7.808,7.538,267448.78,268575.64,233309.19,3.5
2015-10-30,7.81,7.99,7.76,7.62,155287.78,-0.08,-1.02,7.9,7.776,7.591,250779.46,248339.42,234641.92,3.47
2015-11-02,7.51,7.9,7.6,7.5,162045.8,-0.13,-1.68,7.79,7.749,7.628,191512.25,239354.09,238162.78,3.62
2015-11-03,7.73,7.96,7.83,7.68,229159.91,0.25,3.3,7.756,7.734,7.671,180533.57,242401.91,239197.33,5.12
2015-11-04,7.9,8.19,8.18,7.77,368000.09,0.35,4.47,7.842,7.831,7.74,214220.45,248447.8,250879.51,8.22
2015-11-05,8.41,8.54,8.25,8.14,512969.16,0.07,0.86,7.924,7.912,7.795,285492.55,276470.66,267943.84,11.46
2015-11-06,8.18,8.39,8.33,8.18,285579.94,0.08,0.97,8.038,7.969,7.846,311550.98,281165.22,272911.7,6.38
2015-11-09,8.28,8.4,8.31,8.05,249165.56,-0.02,-0.24,8.18,7.985,7.881,328974.93,260243.59,274108.6,5.56
2015-11-10,8.23,8.49,8.42,8.11,314594.06,0.11,1.32,8.298,8.027,7.912,346061.76,263297.67,278284.19,7.03
2015-11-11,8.38,8.63,8.59,8.31,306639.28,0.17,2.02,8.38,8.111,7.959,333789.6,274005.02,277853.51,6.85
2015-11-12,8.68,8.69,8.53,8.3,269719.38,-0.07,-0.81,8.436,8.18,7.994,285139.64,285316.1,276945.87,6.02
2015-11-13,8.46,8.55,8.4,8.16,228531.25,-0.13,-1.52,8.45,8.244,8.01,273729.91,292640.44,270489.93,5.1
2015-11-16,8.24,8.6,8.59,8.1,175640.89,0.17,2.02,8.506,8.343,8.046,259024.97,293999.95,266677.02,3.92
2015-11-17,8.68,8.78,8.52,8.51,265121.12,-0.07,-0.81,8.526,8.412,8.073,249130.38,297596.07,269998.99,5.92
2015-11-18,8.48,8.59,8.5,8.35,185413.64,-0.02,-0.23,8.508,8.444,8.138,224885.26,279337.43,263892.61,4.14
2015-11-19,8.66,8.96,8.83,8.61,392765.97,0.34,4.0,8.568,8.502,8.207,249494.57,267317.11,271893.89,8.77
2015-11-20,8.73,8.97,8.95,8.65,298918.62,0.13,1.47,8.678,8.564,8.267,263572.05,268650.98,274908.1,6.68
2015-11-23,8.97,9.21,8.93,8.82,280709.88,-0.02,-0.22,8.746,8.626,8.306,284585.85,271805.41,266024.5,6.27
2015-11-24,8.88,9.23,9.21,8.71,242015.64,0.27,3.02,8.884,8.705,8.366,279964.75,264547.57,263922.62,5.4
2015-11-25,9.17,9.73,9.72,9.14,350809.38,0.52,5.65,9.128,8.818,8.465,313043.9,268964.58,271484.8,7.83
2015-11-26,9.61,9.7,9.43,9.42,268893.06,-0.28,-2.88,9.248,8.908,8.544,288269.32,268881.95,277099.02,6.0
2015-11-27,9.35,9.48,8.88,8.51,258299.12,-0.56,-5.93,9.234,8.956,8.6,280145.42,271858.73,282249.59,5.77
2015-11-30,8.8,9.37,9.36,8.51,285043.44,0.53,6.0,9.32,9.033,8.688,281012.13,282798.99,288399.47,6.37
2015-12-01,9.24,9.6,9.49,9.12,234702.33,0.15,1.61,9.376,9.13,8.771,279549.47,279757.11,288676.59,5.24
2015-12-02,9.51,9.83,9.52,9.22,278999.25,0.03,0.32,9.336,9.232,8.838,265187.44,289115.67,284226.55,6.23
2015-12-03,9.45,9.69,9.67,9.39,186406.73,0.16,1.68,9.384,9.316,8.909,248690.17,268479.75,267898.43,4.16
2015-12-04,9.61,10.2,10.08,9.54,440601.91,0.41,4.24,9.624,9.429,8.997,285150.73,282648.07,275649.53,9.84
2015-12-07,10.07,10.41,10.19,9.79,311875.31,0.11,1.09,9.79,9.555,9.091,290517.11,285764.62,278785.01,6.96
2015-12-08,10.12,10.19,9.82,9.8,219076.23,-0.34,-3.35,9.856,9.616,9.161,287391.89,283470.68,274009.12,4.89
2015-12-09,9.7,9.86,9.61,9.55,147648.7,-0.2,-2.04,9.874,9.605,9.212,261121.78,263154.61,266059.59,3.3
2015-12-10,9.6,10.25,10.24,9.52,259219.23,0.65,6.78,9.988,9.686,9.297,275684.28,262187.22,265534.58,5.79
2015-12-11,10.17,10.17,9.81,9.8,187288.23,-0.42,-4.11,9.934,9.779,9.368,225021.54,255086.14,263472.43,4.18
2015-12-14,9.48,9.96,9.89,9.45,156792.3,0.06,0.61,9.874,9.832,9.433,194004.94,242261.02,262530.0,3.5
2016-01-19,8.89,8.89,8.89,8.89,12297.0,-0.99,-10.02,9.688,9.772,9.451,152649.09,220020.49,249888.8,0.27
2016-01-20,8.0,8.0,8.0,8.0,13276.0,-0.89,-10.01,9.366,9.62,9.426,125774.55,193448.16,241281.92,0.3
2016-01-21,7.2,7.65,7.2,7.2,587791.25,-0.8,-10.0,8.758,9.373,9.345,191488.96,233586.62,251033.18,13.13
2016-01-22,7.06,7.19,6.92,6.6,354994.34,-0.28,-3.89,8.18,9.057,9.243,225030.18,225025.86,253836.97,7.93
2016-01-25,6.88,7.16,7.13,6.7,339461.78,0.22,3.18,7.628,8.751,9.153,261564.07,227784.51,256774.56,7.58
2016-01-26,6.92,7.02,6.42,6.42,256703.98,-0.71,-9.96,7.134,8.411,9.014,310445.47,231547.28,257508.98,5.73
2016-01-27,6.37,6.51,6.1,5.78,297086.5,-0.32,-4.98,6.754,8.06,8.833,367207.57,246491.06,254822.83,6.63
2016-01-28,6.18,6.39,5.86,5.62,257756.62,-0.25,-4.09,6.486,7.622,8.654,301200.64,246344.8,254266.01,5.76
2016-01-29,5.78,6.14,6.03,5.67,232167.97,0.17,2.9,6.308,7.244,8.512,276635.37,250832.77,252959.46,5.18
2016-02-01,6.01,6.29,6.13,5.91,213300.59,0.11,1.83,6.108,6.868,8.35,251403.13,256483.6,249372.31,4.76
2016-02-02,6.06,6.39,6.32,6.03,232134.05,0.19,3.1,6.088,6.611,8.192,246489.15,278467.31,249243.9,5.18
2016-02-03,6.15,6.36,6.31,6.02,191294.39,0.0,0.0,6.13,6.442,8.031,225330.72,296269.15,244858.66,4.27
2016-02-04,6.3,6.59,6.51,6.25,234530.8,0.21,3.33,6.26,6.373,7.873,220685.56,260943.1,247264.86,5.24
2016-02-05,6.54,6.56,6.45,6.42,128010.97,-0.05,-0.77,6.344,6.326,7.692,199854.16,238244.77,231635.31,2.86
2016-02-15,6.18,6.42,6.34,6.1,112226.03,-0.13,-2.01,6.386,6.247,7.499,179639.25,215521.19,221652.85,2.51
2016-02-16,6.4,6.65,6.62,6.39,142586.66,0.28,4.42,6.446,6.267,7.339,161729.77,204109.46,217828.37,3.18
2016-02-17,6.73,6.85,6.69,6.59,160315.2,0.08,1.21,6.522,6.326,7.193,155533.93,190432.33,218461.69,3.58
2016-02-18,6.71,6.75,6.67,6.6,166136.44,-0.01,-0.15,6.554,6.407,7.015,141855.06,181270.31,213807.56,3.71
2016-02-19,6.65,6.75,6.69,6.59,101189.19,0.01,0.15,6.602,6.473,6.859,136490.7,168172.43,209502.6,2.26
2016-02-22,6.76,6.89,6.87,6.73,154428.75,0.18,2.69,6.708,6.547,6.708,144931.25,162285.25,209384.43,3.45
2016-02-23,6.9,7.09,7.07,6.64,174115.02,0.19,2.76,6.798,6.622,6.617,151236.92,156483.35,217475.33,3.89
2016-02-24,7.0,7.14,7.06,6.87,190527.34,-0.01,-0.14,6.872,6.697,6.57,157279.35,156406.64,226337.89,4.25
2016-02-25,6.99,7.04,6.36,6.36,175485.53,-0.71,-10.04,6.81,6.682,6.528,159149.17,150502.11,205722.61,3.92
2016-02-26,6.42,6.49,6.42,6.18,121228.71,0.06,0.94,6.756,6.679,6.503,163157.07,149823.89,194034.33,2.71
2016-02-29,6.36,6.4,6.16,5.9,135807.55,-0.25,-3.9,6.614,6.661,6.454,159432.83,152182.04,183851.61,3.03
2016-03-01,6.2,6.36,6.3,6.11,136896.84,0.1,1.61,6.46,6.629,6.448,151989.19,151613.06,177861.26,3.06
2016-03-02,6.33,6.69,6.65,6.27,154719.44,0.34,5.39,6.378,6.625,6.476,144827.61,151053.48,170742.9,3.46
2016-03-03,6.64,7.32,7.32,6.57,540516.12,0.67,10.07,6.57,6.69,6.549,217833.73,188491.45,184880.88,12.07
2016-03-04,7.24,7.47,7.16,6.85,559206.06,-0.16,-2.19,6.718,6.737,6.605,305429.2,234293.14,201232.78,12.49
2016-03-07,7.16,7.47,7.44,7.02,411564.66,0.28,3.91,6.974,6.794,6.671,360580.62,260006.73,211145.99,9.19
2016-03-08,7.3,7.3,7.2,6.91,285911.16,-0.24,-3.23,7.154,6.807,6.715,390383.49,271186.34,213834.84,6.38
2016-03-09,7.0,7.07,6.82,6.7,201058.56,-0.38,-5.28,7.188,6.783,6.74,399651.31,272239.46,214323.05,4.49
2016-03-10,6.8,6.86,6.51,6.5,160243.25,-0.3,-4.41,7.026,6.798,6.74,323596.74,270715.24,210608.67,3.58
2016-03-11,6.35,6.83,6.61,6.35,181472.88,0.1,1.54,6.916,6.817,6.748,248050.1,276739.65,213281.77,4.05
2016-03-14,6.71,7.06,6.86,6.59,200386.66,0.23,3.47,6.8,6.887,6.774,205814.5,283197.56,217689.8,4.47
2016-03-15,6.82,6.86,6.74,6.65,121678.82,-0.12,-1.75,6.708,6.931,6.78,172968.03,281675.76,216644.41,2.72
2016-03-16,6.8,6.94,6.69,6.64,140498.28,-0.06,-0.89,6.682,6.935,6.78,160855.98,280253.65,215653.56,3.14
2016-03-17,6.75,6.95,6.89,6.65,164228.06,0.2,2.99,6.758,6.892,6.791,161652.94,242624.84,215558.14,3.67
2016-03-18,6.85,7.15,7.09,6.84,250415.67,0.2,2.9,6.854,6.885,6.811,175441.5,211745.8,223019.47,5.59
2016-03-21,7.12,7.35,7.27,7.09,294195.16,0.18,2.54,6.936,6.868,6.831,194203.2,200008.85,230007.79,6.57
2016-03-22,7.2,7.41,7.25,7.1,272986.34,-0.02,-0.28,7.038,6.873,6.84,224464.7,198716.37,234951.35,6.1
2016-03-23,7.22,7.69,7.55,7.17,424658.38,0.29,3.99,7.21,6.946,6.865,281296.72,221076.35,246657.91,9.48
2016-03-24,7.41,7.79,7.33,7.31,343509.97,-0.2,-2.66,7.298,7.028,6.913,317153.1,239403.02,255059.13,7.67
2016-03-25,7.29,7.47,7.4,7.2,176995.48,0.07,0.95,7.36,7.107,6.962,302469.07,238955.28,257847.47,3.95
2016-03-28,7.59,7.59,7.52,7.33,197894.16,0.12,1.62,7.41,7.173,7.03,283208.87,238706.03,260951.8,4.42
2016-03-29,7.44,7.49,7.28,7.21,122899.11,-0.24,-3.19,7.416,7.227,7.079,253191.42,238828.06,260251.91,2.74
2016-03-30,7.36,7.5,7.47,7.3,145925.38,0.18,2.47,7.4,7.305,7.12,197444.82,239370.77,259812.21,3.26
2016-03-31,7.51,7.57,7.53,7.41,176377.8,0.06,0.8,7.44,7.369,7.131,164018.39,240585.74,241605.29,3.94
2016-04-01,7.55,7.88,7.71,7.53,300164.0,0.18,2.39,7.502,7.431,7.158,188652.09,245560.58,228653.19,6.7
2016-04-05,7.69,8.15,8.1,7.59,278067.06,0.39,5.06,7.618,7.514,7.191,204686.67,243947.77,221978.31,6.21
2016-04-06,8.01,8.1,8.04,7.88,209901.44,-0.04,-0.49,7.77,7.593,7.233,222087.14,237639.28,218177.82,4.69
2016-04-07,8.05,8.15,7.97,7.9,208460.05,-0.06,-0.75,7.87,7.635,7.291,234594.07,216019.45,218547.9,4.66
2016-04-08,7.82,7.87,7.81,7.61,212113.12,-0.14,-1.76,7.926,7.683,7.356,241741.13,202879.76,221141.39,4.74
2016-04-11,7.9,8.14,8.14,7.83,176827.69,0.34,4.36,8.012,7.757,7.432,217073.87,202862.98,220909.13,3.95
2016-04-12,8.1,8.5,8.32,8.06,263622.22,0.2,2.46,8.056,7.837,7.505,214184.9,209435.79,224070.91,5.89
2016-04-13,8.35,8.59,8.44,8.3,201823.58,0.12,1.44,8.136,7.953,7.59,212569.33,217328.23,228078.15,4.51
2016-04-14,8.46,8.58,8.5,8.28,154854.2,0.06,0.71,8.242,8.056,7.681,201848.16,218221.12,228795.94,3.46
2016-04-15,8.5,8.89,8.88,8.46,210903.28,0.38,4.47,8.456,8.191,7.78,201606.19,221673.66,231129.7,4.71
2016-04-18,8.83,9.49,9.16,8.65,351457.78,0.28,3.15,8.66,8.336,7.884,236532.21,226803.04,236181.81,7.85
2016-04-19,9.15,9.2,8.97,8.91,167403.52,-0.19,-2.07,8.79,8.423,7.969,217288.47,215736.69,229842.23,3.74
2016-04-20,8.97,9.45,8.79,8.31,356116.91,-0.2,-2.23,8.86,8.498,8.046,248147.14,230358.23,233998.76,7.95
2016-04-21,8.82,9.05,8.79,8.6,213489.95,0.0,0.0,8.918,8.58,8.108,259874.29,230861.23,223440.33,4.77
2016-04-22,8.39,8.76,8.75,8.36,158512.81,-0.04,-0.46,8.892,8.674,8.179,249396.19,225501.19,214190.48,3.54
2016-04-25,8.6,8.7,8.52,8.44,94558.89,-0.22,-2.52,8.764,8.712,8.235,198016.42,217274.31,210068.65,2.11
2016-04-26,8.55,8.97,8.96,8.53,146148.23,0.45,5.29,8.762,8.776,8.307,193765.36,205526.92,207481.35,3.26
2016-04-27,8.86,9.04,8.77,8.75,126747.52,-0.18,-2.01,8.758,8.809,8.381,147891.48,198019.31,207673.77,2.83
2016-04-28,8.71,8.79,8.42,8.21,175369.23,-0.35,-3.99,8.684,8.801,8.429,140267.34,200070.81,209145.96,3.92
2016-04-29,8.35,8.63,8.51,8.28,97994.57,0.08,0.95,8.636,8.764,8.478,128163.69,188779.94,205226.8,2.19
2016-05-03,8.53,8.89,8.86,8.42,121047.33,0.36,4.24,8.704,8.734,8.535,133461.38,165738.9,196270.97,2.7
2016-05-04,8.98,8.98,8.8,8.76,88358.36,-0.06,-0.68,8.672,8.717,8.57,121903.4,157834.38,186785.53,1.97
2016-05-05,8.78,8.85,8.78,8.69,94079.27,-0.02,-0.23,8.674,8.716,8.607,115369.75,131630.62,180994.43,2.1
2016-05-06,8.88,8.9,8.59,8.2,146482.41,-0.19,-2.16,8.708,8.696,8.638,109592.39,124929.86,177895.54,3.27
2016-05-09,8.41,8.49,8.08,7.77,174977.66,-0.51,-5.94,8.622,8.629,8.652,124989.01,126576.35,176038.77,3.91
2016-05-10,7.91,8.07,7.7,7.65,150984.16,-0.39,-4.82,8.39,8.547,8.63,130976.37,132218.87,174746.59,3.37
2016-05-11,7.79,7.9,7.74,7.7,105820.99,0.03,0.39,8.178,8.425,8.601,134468.9,128186.15,166856.53,2.36
2016-05-12,7.51,7.54,7.38,7.1,129033.13,-0.35,-4.53,7.898,8.286,8.548,141459.67,128414.71,163217.01,2.88
2016-05-13,7.32,7.5,7.43,7.2,114511.92,0.04,0.54,7.666,8.187,8.494,135065.57,122328.98,161199.9,2.56
2016-05-16,7.4,7.54,7.51,7.27,88988.8,0.09,1.21,7.552,8.087,8.426,117867.8,121428.4,155104.17,1.99
2016-05-17,7.53,7.54,7.39,7.35,66702.28,-0.12,-1.6,7.49,7.94,8.337,101011.42,115993.9,140866.4,1.49
2016-05-18,7.32,7.35,7.05,6.69,123883.4,-0.35,-4.73,7.352,7.765,8.241,104623.91,119546.4,138690.39,2.77
2016-05-19,6.99,7.13,7.03,6.93,72026.96,0.0,0.0,7.282,7.59,8.153,93222.67,117341.17,124485.89,1.61
2016-05-20,7.06,7.06,7.04,6.81,70977.0,0.0,0.0,7.204,7.435,8.066,84515.69,109790.63,117360.25,1.59
2016-05-23,7.04,7.14,7.13,7.0,67956.29,0.09,1.28,7.128,7.34,7.985,80309.19,99088.49,112832.42,1.52
2016-05-24,7.17,7.84,7.84,7.05,239132.3,0.71,9.96,7.218,7.354,7.951,114795.19,107903.31,120061.09,5.34
2016-05-25,7.78,7.86,7.6,7.5,165357.42,-0.24,-3.06,7.328,7.34,7.883,123089.99,113856.95,121021.55,3.69
2016-05-26,7.68,7.75,7.67,7.41,92066.65,0.03,0.39,7.456,7.369,7.828,127097.93,110160.3,119287.51,2.06
2016-05-27,7.77,7.9,7.66,7.61,117973.84,-0.01,-0.13,7.58,7.392,7.79,136497.3,110506.49,116417.74,2.63
2016-05-30,7.62,8.0,7.94,7.5,126030.93,0.3,3.93,7.742,7.435,7.761,148112.23,114210.71,117819.55,2.81
2016-05-31,7.88,8.17,8.12,7.88,164322.44,0.18,2.27,7.798,7.508,7.724,133150.26,123972.72,119983.31,3.67
2016-06-01,8.07,8.13,8.03,7.99,113845.6,-0.09,-1.11,7.884,7.606,7.686,122847.89,122968.94,121257.67,2.54
2016-06-02,8.03,8.08,8.06,7.94,69280.57,0.03,0.37,7.962,7.709,7.65,118290.68,122694.3,120017.74,1.55
2016-06-03,8.06,8.25,8.1,8.05,109727.05,0.04,0.5,8.05,7.815,7.625,116641.32,126569.31,118179.97,2.45
2016-06-06,8.08,8.13,8.04,7.98,66635.86,-0.06,-0.74,8.07,7.906,7.623,104762.3,126437.27,112762.88,1.49
2016-06-07,8.04,8.2,8.07,7.82,73708.65,0.03,0.37,8.06,7.929,7.642,86639.55,109894.9,108899.1,1.65
2016-06-08,8.05,8.06,7.95,7.94,56606.79,-0.12,-1.49,8.044,7.964,7.652,75191.78,99019.84,106438.39,1.26
2016-06-13,7.88,7.88,7.37,7.27,86235.57,-0.58,-7.3,7.906,7.934,7.652,78582.78,98436.73,104298.52,1.93
2016-06-14,7.39,8.1,8.1,7.29,136752.11,0.74,10.05,7.906,7.978,7.685,83987.8,100314.56,105410.53,3.05
2016-06-15,8.18,8.61,8.37,8.1,246163.98,0.27,3.33,7.972,8.021,7.728,119893.42,112327.86,113269.28,5.5
2016-06-16,8.4,8.42,8.22,8.15,141071.5,-0.15,-1.79,8.002,8.031,7.77,133365.99,110002.77,116987.75,3.15
2016-06-17,8.2,8.43,8.2,8.15,131977.59,-0.02,-0.24,8.052,8.048,7.827,148440.15,111815.97,117392.46,2.95
2016-06-20,8.17,8.18,7.98,7.81,167383.38,-0.24,-2.92,8.174,8.04,7.875,164669.71,121626.25,122160.28,3.74
2016-06-21,7.99,8.1,7.83,7.71,120189.24,-0.16,-2.0,8.12,8.013,7.914,161357.14,122672.47,124620.89,2.68
2016-06-22,7.78,7.97,7.9,7.71,66914.21,0.08,1.02,8.026,7.999,7.953,125507.18,122700.3,124568.78,1.49
2016-06-23,7.91,7.98,7.78,7.75,70559.63,-0.13,-1.64,7.938,7.97,7.95,111404.81,122385.4,116140.15,1.58
2016-06-24,7.73,7.88,7.71,7.36,99004.37,-0.07,-0.9,7.84,7.946,7.955,104810.17,126625.16,112822.5,2.21
2016-06-27,7.69,7.95,7.89,7.51,84819.88,0.17,2.2,7.822,7.998,7.966,88297.47,126483.59,112460.16,1.89
2016-06-28,7.86,8.2,8.09,7.81,121920.24,0.19,2.4,7.874,7.997,7.988,88643.67,125000.4,112657.48,2.72
2016-06-29,8.15,8.29,8.04,8.0,95681.93,-0.05,-0.62,7.902,7.964,7.993,94397.21,109952.2,111140.03,2.14
2016-06-30,8.07,8.13,8.03,7.97,68228.2,-0.01,-0.12,7.952,7.945,7.988,93930.92,102667.87,106335.32,1.52
2016-07-01,8.05,8.08,7.93,7.9,81763.93,-0.1,-1.25,7.996,7.918,7.983,90482.84,97646.5,104731.23,1.83
2016-07-04,7.9,8.29,8.21,7.86,149429.3,0.29,3.66,8.06,7.941,7.991,103404.72,95851.09,108738.67,3.34
2016-07-05,8.18,8.3,8.25,8.1,135091.34,0.02,0.24,8.092,7.983,7.998,106038.94,97341.3,110006.89,3.02
2016-07-06,8.17,8.46,8.37,8.16,147413.17,0.12,1.46,8.158,8.03,8.015,116385.19,105391.2,114045.75,3.29
2016-07-07,8.35,8.55,8.45,8.28,181758.3,0.08,0.96,8.242,8.097,8.034,139091.21,116511.07,119448.23,4.06
2016-07-08,8.4,8.44,8.24,8.21,102405.76,-0.21,-2.48,8.304,8.15,8.048,143219.57,116851.2,121738.18,2.29
2016-07-11,8.27,8.33,8.16,8.13,114893.3,-0.07,-0.85,8.294,8.177,8.088,136312.37,119858.55,123171.07,2.57
2016-07-12,8.19,8.38,8.36,8.13,119244.91,0.19,2.33,8.316,8.204,8.101,133143.09,119591.01,122295.71,2.66
2016-07-13,8.36,8.43,8.31,8.28,105939.66,-0.04,-0.48,8.304,8.231,8.098,124848.39,120616.79,115284.49,2.37
2016-07-14,8.31,8.5,8.5,8.2,132427.58,0.2,2.41,8.314,8.278,8.112,114982.24,127036.73,114852.3,2.96
2016-07-15,8.53,8.56,8.39,8.38,119063.14,-0.1,-1.18,8.344,8.324,8.121,118313.72,130766.65,114206.57,2.66
2016-07-18,8.36,8.39,8.23,8.19,85621.65,-0.16,-1.91,8.358,8.326,8.134,112459.39,124385.88,110118.49,1.91
2016-07-19,8.22,8.33,8.3,8.17,69237.11,0.08,0.97,8.346,8.331,8.157,102457.83,117800.46,107570.88,1.55
2016-07-20,8.25,8.35,8.24,8.23,60714.33,-0.06,-0.72,8.332,8.318,8.174,93412.76,109130.57,107260.89,1.36
2016-07-21,8.25,8.3,8.26,8.23,56675.55,0.01,0.12,8.284,8.299,8.198,78262.36,96622.3,106566.68,1.27
2016-07-22,8.26,8.26,8.1,8.08,81762.6,-0.15,-1.82,8.226,8.285,8.218,70802.25,94557.98,105704.59,1.83
2016-07-25,8.1,8.17,8.16,8.05,53335.69,0.06,0.74,8.212,8.285,8.231,64345.06,88402.22,104130.38,1.19
2016-07-26,8.12,8.37,8.34,8.1,89462.56,0.18,2.21,8.22,8.283,8.244,68390.15,85423.99,102507.5,2.0
2016-07-27,8.34,8.49,7.99,7.94,140939.73,-0.34,-4.08,8.17,8.251,8.241,84435.23,88923.99,104770.39,3.15
2016-07-28,7.99,8.1,8.0,7.9,70709.0,0.02,0.25,8.118,8.201,8.24,87241.92,82752.14,104894.43,1.58
2016-07-29,8.0,8.05,7.81,7.78,68286.34,-0.2,-2.5,8.06,8.143,8.234,84546.66,77674.46,104220.55,1.52
2016-08-01,7.78,7.98,7.95,7.51,65086.55,0.14,1.79,8.018,8.115,8.221,86896.84,75620.95,100003.41,1.45
2016-08-02,7.91,7.98,7.72,7.57,97990.49,-0.23,-2.89,7.894,8.057,8.194,88602.42,78496.28,98148.37,2.19
2016-08-03,7.7,7.76,7.74,7.65,41579.9,0.01,0.13,7.844,8.007,8.163,68730.46,76582.84,92856.71,0.93
2016-08-04,7.72,7.73,7.73,7.58,54448.36,-0.01,-0.13,7.79,7.954,8.127,65478.33,76360.12,86491.21,1.22
2016-08-05,7.72,7.72,7.69,7.65,38850.89,-0.03,-0.39,7.766,7.913,8.099,59591.24,72068.95,83313.47,0.87
2016-08-08,7.66,7.76,7.75,7.61,40077.04,0.06,0.78,7.726,7.872,8.079,54589.34,70743.09,79572.65,0.89
2016-08-09,7.77,7.93,7.85,7.77,48273.17,0.09,1.16,7.752,7.823,8.053,44645.87,66624.15,76024.07,1.08
2016-08-10,7.87,7.93,7.78,7.76,48410.22,-0.08,-1.02,7.76,7.802,8.027,46011.94,57371.2,73147.6,1.08
2016-08-11,7.8,7.81,7.65,7.59,49984.81,-0.13,-1.67,7.744,7.767,7.984,45119.23,55298.78,69025.46,1.12
2016-08-12,7.63,7.7,7.68,7.59,36578.61,0.04,0.52,7.742,7.754,7.949,44664.77,52128.0,64901.23,0.82
2016-08-15,7.68,7.84,7.82,7.66,83790.22,0.14,1.82,7.756,7.741,7.928,53407.41,53998.37,64809.66,1.87
2016-08-16,7.85,8.09,7.93,7.8,173008.8,0.11,1.41,7.772,7.762,7.91,78354.53,61500.2,69998.24,3.86
2016-08-17,7.89,7.95,7.93,7.81,87025.81,0.0,0.0,7.802,7.781,7.894,86077.65,66044.79,71313.82,1.94
2016-08-18,7.93,7.98,7.86,7.8,98315.51,-0.07,-0.88,7.844,7.794,7.874,95743.79,70431.51,73395.82,2.2
2016-08-19,7.85,7.95,7.9,7.82,61547.23,0.03,0.38,7.888,7.815,7.864,100737.51,72701.14,72385.05,1.37
2016-08-22,7.91,7.93,7.75,7.73,64745.72,-0.15,-1.9,7.874,7.815,7.844,96928.61,75168.01,72955.55,1.45
2016-08-23,7.77,7.86,7.78,7.7,61973.68,0.02,0.26,7.844,7.808,7.816,74721.59,76538.06,71581.1,1.38
2016-08-24,7.78,7.89,7.87,7.77,56714.49,0.1,1.29,7.832,7.817,7.81,68659.33,77368.49,67369.84,1.27
2016-08-25,7.83,7.84,7.81,7.74,58633.8,-0.06,-0.76,7.822,7.833,7.8,60722.98,78233.39,66766.08,1.31
2016-08-26,7.81,8.14,8.07,7.78,178108.09,0.25,3.2,7.856,7.872,7.813,84035.16,92386.34,72257.17,3.98
2016-08-29,8.0,8.05,7.99,7.91,78655.28,-0.09,-1.11,7.904,7.889,7.815,86817.07,91872.84,72935.61,1.76
2016-08-30,8.0,8.27,8.16,7.94,183500.41,0.18,2.26,7.98,7.912,7.837,111122.41,92922.0,77211.1,4.1
2016-08-31,8.11,8.35,8.18,8.03,130940.36,0.01,0.12,8.042,7.937,7.859,125967.59,97313.46,81679.13,2.92
2016-09-01,8.15,8.22,8.0,7.97,106753.44,-0.18,-2.2,8.08,7.951,7.873,135591.52,98157.25,84294.38,2.38
2016-09-02,8.0,8.11,8.06,7.96,71153.9,0.06,0.75,8.078,7.967,7.891,114200.68,99117.92,85909.53,1.59
2016-09-05,8.06,8.25,8.24,8.05,130045.36,0.18,2.23,8.128,8.016,7.916,124478.69,105647.88,90407.95,2.9
2016-09-06,8.2,8.43,8.36,8.11,161466.8,0.13,1.58,8.168,8.074,7.941,120071.97,115597.19,96067.63,3.61
2016-09-07,8.36,8.42,8.3,8.24,153391.09,-0.06,-0.72,8.192,8.117,7.967,124562.12,125264.85,101316.67,3.43
2016-09-08,8.28,8.6,8.39,8.25,215780.06,0.1,1.21,8.27,8.175,8.004,146367.44,140979.48,109606.43,4.82
2016-09-09,8.35,8.42,8.18,8.15,131171.27,-0.21,-2.5,8.294,8.186,8.029,158370.92,136285.8,114336.07,2.93
2016-09-12,7.98,8.14,8.0,7.95,91619.32,-0.19,-2.32,8.246,8.187,8.038,150685.71,137582.2,114727.52,2.05
2016-09-13,8.02,8.09,8.04,7.95,72324.0,0.04,0.5,8.182,8.175,8.044,132857.15,126464.56,109693.28,1.62
2016-09-14,8.01,8.07,8.03,7.95,46296.16,-0.01,-0.12,8.128,8.16,8.049,111438.16,118000.14,107656.8,1.03
2016-09-19,8.05,8.14,8.13,8.03,67423.46,0.12,1.5,8.076,8.173,8.062,81766.84,114067.14,106112.2,1.51
2016-09-20,8.13,8.22,8.14,8.09,66277.17,0.01,0.12,8.068,8.181,8.074,68788.02,113579.47,106348.69,1.48
2016-09-21,8.17,8.25,8.18,8.1,127704.19,0.03,0.37,8.104,8.175,8.096,76005.0,113345.35,109496.62,2.85
2016-09-22,8.15,8.21,8.13,8.12,80089.83,-0.02,-0.24,8.122,8.152,8.113,77558.16,105207.66,110402.42,1.79
2016-09-23,8.17,8.17,8.03,8.02,74927.27,-0.11,-1.35,8.122,8.125,8.121,83284.38,97361.27,111313.06,1.67
2016-09-26,8.01,8.03,7.69,7.66,104756.16,-0.34,-4.23,8.034,8.055,8.115,90750.92,86258.88,113619.18,2.34
2016-09-27,7.69,7.79,7.78,7.65,60593.81,0.09,1.17,7.962,8.015,8.101,89614.25,79201.14,107743.47,1.35
2016-09-28,7.85,7.85,7.72,7.7,45311.03,-0.06,-0.77,7.87,7.987,8.087,73135.62,74570.31,106076.25,1.01
2016-09-29,7.75,7.84,7.79,7.7,46367.26,0.07,0.91,7.802,7.962,8.069,66391.11,71974.63,99219.6,1.04
2016-09-30,7.78,7.86,7.82,7.74,40060.74,0.03,0.39,7.76,7.941,8.051,59417.8,71351.09,94675.62,0.89
2016-10-10,7.89,8.07,7.96,7.83,97090.65,0.15,1.92,7.814,7.924,8.049,57884.7,74317.81,94192.48,2.17
2016-10-11,7.95,8.05,7.98,7.94,103349.96,0.03,0.38,7.854,7.908,8.045,66435.93,78025.09,95802.28,2.31
2016-10-12,7.95,8.04,8.01,7.93,121945.24,0.03,0.38,7.912,7.891,8.033,81762.77,77449.19,95397.27,2.72
2016-10-13,8.0,8.14,8.03,7.97,97524.83,0.03,0.38,7.96,7.881,8.017,91994.28,79192.7,92200.18,2.18
2016-10-14,8.04,8.04,7.99,7.92,73084.5,-0.03,-0.37,7.994,7.877,8.001,98599.04,79008.42,88184.85,1.63
2016-10-17,7.99,8.06,7.89,7.85,69833.94,-0.1,-1.25,7.98,7.897,7.976,93147.69,75516.2,80887.54,1.56
2016-10-18,7.85,8.04,8.02,7.84,72992.8,0.14,1.78,7.988,7.921,7.968,87076.26,76756.1,77978.62,1.63
2016-10-19,8.03,8.16,8.12,8.0,129138.35,0.1,1.25,8.01,7.961,7.974,88514.88,85138.83,79854.57,2.88
2016-10-20,8.1,8.13,8.11,8.03,78758.2,0.0,0.0,8.026,7.993,7.978,84761.56,88377.92,80176.28,1.76
2016-10-21,8.12,8.13,8.06,7.97,78325.08,-0.05,-0.62,8.04,8.017,7.979,85809.67,92204.36,81777.72,1.75
2016-10-24,8.07,8.15,8.14,8.03,87516.89,0.07,0.87,8.09,8.035,7.98,89346.26,91246.98,82782.39,1.95
2016-10-25,8.11,8.32,8.24,8.11,139650.22,0.1,1.23,8.134,8.061,7.985,102677.75,94877.0,86451.05,3.12
2016-10-26,8.2,8.27,8.17,8.14,99200.36,-0.09,-1.09,8.144,8.077,7.984,96690.15,92602.52,85025.86,2.22
2016-10-27,8.18,8.19,8.14,8.1,66948.06,-0.03,-0.37,8.15,8.088,7.985,94328.12,89544.84,84368.77,1.5
2016-10-28,8.17,8.32,8.13,8.1,145795.73,-0.02,-0.24,8.164,8.102,7.99,107822.25,96815.96,87912.19,3.26
2016-10-31,8.15,8.25,8.09,8.05,89995.08,-0.02,-0.25,8.154,8.122,8.01,108317.89,98832.08,87174.14,2.01
2016-11-01,8.09,8.24,8.22,8.06,96884.08,0.13,1.61,8.15,8.142,8.032,99764.66,101221.2,88988.65,2.16
2016-11-02,8.22,8.28,8.18,8.12,86849.3,-0.05,-0.61,8.152,8.148,8.055,97294.45,96992.3,91065.56,1.94
2016-11-03,8.17,8.37,8.27,8.13,139453.91,0.09,1.1,8.178,8.164,8.079,111795.62,103061.87,95719.9,3.11
2016-11-04,8.27,8.31,8.22,8.17,91901.04,-0.04,-0.48,8.196,8.18,8.099,101016.68,104419.47,98311.91,2.05
2016-11-07,8.22,8.36,8.27,8.18,131258.47,0.05,0.61,8.232,8.193,8.114,109269.36,108793.63,100020.3,2.93
2016-11-08,8.3,8.65,8.39,8.28,239734.84,0.12,1.45,8.266,8.208,8.135,137839.51,118802.09,106839.55,5.35
2016-11-09,8.43,8.43,8.31,8.23,158122.05,-0.09,-1.07,8.292,8.222,8.15,152094.06,124694.26,108648.39,3.53
2016-11-10,8.4,8.62,8.53,8.37,216353.16,0.22,2.65,8.344,8.261,8.175,167473.91,139634.77,114589.8,4.83
2016-11-11,8.61,9.08,8.86,8.57,428594.28,0.33,3.87,8.472,8.334,8.218,234812.56,167914.62,132365.29,9.57
2016-11-14,8.7,8.87,8.8,8.65,209255.59,-0.05,-0.56,8.578,8.405,8.264,250411.98,179840.67,139336.37,4.67
2016-11-15,8.75,8.97,8.88,8.68,185361.98,0.08,0.91,8.676,8.471,8.307,239537.41,188688.46,144954.83,4.14
2016-11-16,8.85,8.9,8.74,8.69,114704.57,-0.14,-1.58,8.762,8.527,8.338,230853.92,191473.99,144233.14,2.56
2016-11-17,8.71,8.85,8.73,8.63,111302.01,-0.01,-0.11,8.802,8.573,8.369,209843.69,188658.8,145860.34,2.49
2016-11-18,8.71,8.84,8.77,8.62,125664.06,0.04,0.46,8.784,8.628,8.404,149257.64,192035.1,148227.28,2.81
2016-11-21,8.79,8.82,8.78,8.7,103463.95,0.0,0.0,8.78,8.679,8.436,128099.31,189255.65,149024.64,2.31
2016-11-22,8.78,9.01,8.91,8.75,205995.89,0.12,1.36,8.786,8.731,8.47,132226.1,185881.75,152341.92,4.6
2016-11-23,9.0,9.36,8.97,8.9,324481.72,0.06,0.67,8.832,8.797,8.51,174181.53,202517.72,163605.99,7.25
2016-11-24,8.92,9.13,8.92,8.9,165579.31,-0.06,-0.67,8.87,8.836,8.549,185036.99,197440.34,168537.55,3.7
2016-11-25,8.87,9.0,8.79,8.55,148161.36,-0.13,-1.46,8.874,8.829,8.582,189536.45,169397.04,168655.83,3.31
2016-11-28,8.81,8.89,8.83,8.71,108433.56,0.03,0.34,8.884,8.832,8.619,190530.37,159314.84,169577.76,2.42
2016-11-29,8.82,8.82,8.56,8.3,138930.34,-0.26,-2.95,8.814,8.8,8.636,177117.26,154671.68,171680.07,3.1
2016-11-30,8.52,8.57,8.48,8.42,77449.81,-0.07,-0.82,8.716,8.774,8.651,127710.88,150946.2,171210.1,1.73
2016-12-01,8.48,8.55,8.49,8.4,60882.29,0.02,0.24,8.63,8.75,8.662,106771.47,145904.23,167281.51,1.36
2016-12-02,8.55,8.55,8.34,8.31,76569.23,-0.15,-1.77,8.54,8.707,8.668,92453.05,140994.75,166514.92,1.71
2016-12-05,8.2,8.41,8.33,8.14,75305.3,0.0,0.0,8.44,8.662,8.671,85827.39,138178.88,163717.26,1.68
2016-12-06,8.35,8.44,8.33,8.31,59529.26,-0.01,-0.12,8.394,8.604,8.668,69947.18,123532.22,154706.99,1.33
2016-12-07,8.38,8.49,8.47,8.32,75701.12,0.13,1.56,8.392,8.554,8.676,69597.44,98654.16,150585.94,1.69
2016-12-08,8.48,8.5,8.45,8.38,58236.14,-0.02,-0.24,8.384,8.507,8.672,69068.21,87919.84,142680.09,1.3
2016-12-09,8.45,8.47,8.44,8.39,49114.52,-0.01,-0.12,8.404,8.472,8.651,63577.27,78015.16,123706.1,1.1
2016-12-12,8.42,8.65,8.09,8.05,138153.59,-0.35,-4.15,8.356,8.398,8.615,76146.93,80987.16,120151.0,3.09
2016-12-13,8.04,8.5,8.47,7.87,203493.62,0.38,4.7,8.384,8.389,8.595,104939.8,87443.49,121057.58,4.54
2016-12-14,8.39,8.56,8.33,8.26,152422.38,-0.14,-1.65,8.356,8.374,8.574,120284.05,94940.75,122943.47,3.4
2016-12-15,8.24,8.47,8.45,8.21,120027.64,0.12,1.44,8.356,8.37,8.56,132642.35,100855.28,123379.75,2.68
2016-12-16,8.38,9.3,9.3,8.37,334458.16,0.85,10.06,8.528,8.466,8.587,189711.08,126644.17,133819.46,7.47
2016-12-19,9.77,10.2,9.95,9.52,987843.31,0.65,6.99,8.9,8.628,8.645,359649.02,217897.97,178038.43,22.06
2016-12-20,9.9,9.9,9.67,9.5,536724.19,-0.28,-2.81,9.14,8.762,8.683,426295.14,265617.47,194574.84,11.99
2016-12-21,9.73,9.81,9.7,9.53,444438.28,0.03,0.31,9.414,8.885,8.72,484698.32,302491.18,200572.67,9.92
2016-12-22,9.63,9.72,9.58,9.42,329903.31,-0.12,-1.24,9.64,8.998,8.753,526673.45,329657.9,208788.87,7.37
2016-12-23,9.53,9.66,9.33,9.19,342443.53,-0.25,-2.61,9.646,9.087,8.78,528270.52,358990.8,218502.98,7.65
2016-12-26,9.25,9.48,9.41,9.2,246673.66,0.08,0.86,9.538,9.219,8.809,380036.59,369842.81,225414.98,5.51
2016-12-27,9.35,9.4,9.34,9.11,246243.3,-0.07,-0.74,9.472,9.306,8.848,321940.42,374117.78,230780.63,5.5
2016-12-28,9.33,9.39,9.38,9.26,175570.3,0.04,0.43,9.408,9.411,8.893,268166.82,376432.57,235686.66,3.92
2016-12-29,9.38,9.38,9.13,9.1,200698.83,-0.25,-2.67,9.318,9.479,8.925,242325.92,384499.69,242677.48,4.48
2016-12-30,9.12,9.2,9.11,9.03,155390.08,-0.02,-0.22,9.274,9.46,8.963,204915.23,366592.88,246618.53,3.47
2017-01-03,9.16,9.42,9.31,9.15,237367.2,0.2,2.19,9.254,9.396,9.012,203053.94,291545.27,254721.62,5.3
2017-01-04,9.33,9.54,9.5,9.25,271995.12,0.19,2.04,9.286,9.379,9.071,208204.31,265072.36,265344.91,6.07
2017-01-05,9.45,9.52,9.35,9.34,197917.45,-0.15,-1.58,9.28,9.344,9.115,212673.74,240420.28,271455.73,4.42
2017-01-06,9.33,9.43,9.38,9.22,202957.77,0.03,0.32,9.33,9.324,9.161,213125.52,227725.72,278691.81,4.53
2017-01-09,9.35,9.54,9.53,9.35,219424.84,0.15,1.6,9.414,9.344,9.216,225932.48,215423.86,287207.33,4.9
2017-01-10,9.5,9.56,9.37,9.35,177153.02,-0.16,-1.68,9.426,9.34,9.28,213889.64,208471.79,289157.3,3.96
2017-01-11,9.32,9.36,9.03,9.02,211627.59,-0.34,-3.63,9.332,9.309,9.308,201816.13,205010.22,289564.0,4.73
2017-01-12,9.0,9.11,8.83,8.79,124512.49,-0.2,-2.21,9.228,9.254,9.333,187135.14,199904.44,288168.5,2.78
2017-01-13,8.84,8.97,8.6,8.56,119085.79,-0.23,-2.6,9.072,9.201,9.34,170360.75,191743.13,288121.41,2.66
2017-01-16,8.58,8.65,8.15,7.74,165879.62,-0.45,-5.23,8.796,9.105,9.283,159651.7,192792.09,279692.48,3.7
2017-01-17,8.16,8.33,8.29,8.0,103903.0,0.14,1.72,8.58,9.003,9.2,145001.7,179445.67,235495.47,2.32
2017-01-18,8.25,8.41,8.38,8.22,80994.64,0.09,1.09,8.45,8.891,9.135,118875.11,160345.62,212708.99,1.81
2017-01-19,8.36,8.36,8.25,8.21,57022.43,-0.13,-1.55,8.334,8.781,9.063,105377.1,146256.12,193338.2,1.27
2017-01-20,8.24,8.45,8.44,8.1,76645.14,0.19,2.3,8.302,8.687,9.006,96888.97,133624.86,180675.29,1.71
2017-01-23,8.46,8.55,8.54,8.4,77256.73,0.1,1.19,8.38,8.588,8.966,79164.39,119408.05,167415.95,1.73
2017-01-24,8.57,8.67,8.5,8.41,67498.88,-0.04,-0.47,8.422,8.501,8.921,71883.56,108442.63,158457.21,1.51
2017-01-25,8.37,8.44,8.37,8.29,76943.95,-0.13,-1.53,8.42,8.435,8.872,71073.43,94974.27,149992.24,1.72
2017-01-26,8.35,8.49,8.44,8.34,56877.21,0.07,0.84,8.458,8.396,8.825,71044.38,88210.74,144057.59,1.27
2017-02-03,8.54,8.61,8.5,8.44,52741.84,0.06,0.71,8.47,8.386,8.794,66263.72,81576.34,136659.74,1.18
2017-02-06,8.67,9.19,8.84,8.66,294755.69,0.34,4.0,8.53,8.455,8.78,109763.51,94463.95,143628.02,6.58
2017-02-07,8.8,9.05,9.03,8.66,214614.52,0.19,2.15,8.636,8.529,8.766,139186.64,105535.1,142490.39,4.79
2017-02-08,8.94,9.04,8.98,8.85,134447.16,-0.05,-0.55,8.758,8.589,8.74,150687.28,110880.35,135612.99,3.0
2017-02-09,8.91,9.0,8.94,8.91,122709.61,-0.04,-0.45,8.858,8.658,8.72,163853.76,117449.07,131852.6,2.74
2017-02-10,8.91,9.01,8.8,8.79,138986.23,-0.14,-1.57,8.918,8.694,8.691,181102.64,123683.18,128654.02,3.1
2017-02-13,8.8,8.92,8.9,8.71,120055.04,0.1,1.14,8.93,8.73,8.659,146162.51,127963.01,123685.53,2.68
2017-02-14,8.88,9.1,9.01,8.79,172655.31,0.11,1.24,8.926,8.781,8.641,137770.67,138478.66,123460.64,3.86
2017-02-15,9.0,9.08,8.87,8.83,182410.25,-0.14,-1.55,8.904,8.831,8.633,147363.29,149025.29,121999.78,4.07
2017-02-16,8.8,9.1,9.09,8.73,181702.48,0.22,2.48,8.934,8.896,8.646,159161.86,161507.81,124859.28,4.06
2017-02-17,9.09,9.15,8.94,8.87,152703.52,-0.15,-1.65,8.962,8.94,8.663,161905.32,171503.98,126540.16,3.41
2017-02-20,8.9,9.06,9.05,8.87,123117.45,0.11,1.23,8.992,8.961,8.708,162517.8,154340.16,124402.05,2.75
2017-02-21,9.07,9.17,9.08,8.93,172719.64,0.03,0.33,9.006,8.966,8.748,162530.67,150150.67,127842.89,3.86
2017-02-22,9.14,9.14,9.09,9.01,137397.59,0.01,0.11,9.05,8.977,8.783,153528.14,150445.71,130663.03,3.07
2017-02-23,9.1,9.11,8.96,8.9,119365.54,-0.13,-1.43,9.024,8.979,8.819,141060.75,150111.31,133780.19,2.67
2017-02-24,8.91,9.01,8.99,8.89,84343.0,0.03,0.34,9.034,8.998,8.846,127388.64,144646.98,134165.08,1.88
2017-02-27,8.97,8.99,8.65,8.61,153153.86,-0.34,-3.78,8.954,8.973,8.852,133395.93,147956.86,137959.94,3.42
2017-02-28,8.65,8.71,8.69,8.59,70858.9,0.04,0.46,8.876,8.941,8.861,113023.78,137777.22,138127.94,1.58
2017-03-01,8.69,8.69,8.62,8.54,127114.88,-0.07,-0.81,8.782,8.916,8.874,110967.24,132247.69,140636.49,2.84
2017-03-02,8.62,8.67,8.6,8.56,63853.98,-0.02,-0.23,8.71,8.867,8.882,99864.92,120462.84,140985.32,1.43
2017-03-03,8.57,8.59,8.55,8.44,101764.21,-0.05,-0.58,8.622,8.828,8.884,103349.17,115368.91,143436.44,2.27
2017-03-06,8.5,8.66,8.65,8.48,99104.46,0.1,1.17,8.622,8.788,8.875,92539.29,112967.61,133653.88,2.21
2017-03-07,8.66,8.66,8.57,8.53,74376.1,-0.08,-0.93,8.598,8.737,8.852,93242.73,103133.25,126641.96,1.66
2017-03-08,8.58,8.62,8.49,8.45,65492.47,-0.08,-0.93,8.572,8.677,8.827,80918.24,95942.74,123194.23,1.46
2017-03-09,8.45,8.5,8.29,8.25,132951.66,-0.2,-2.36,8.51,8.61,8.795,94737.78,97301.35,123706.33,2.97
2017-03-10,8.3,8.35,8.3,8.26,65673.02,0.01,0.12,8.46,8.541,8.77,87519.54,95434.35,120040.67,1.47
2017-03-13,8.3,8.31,8.28,8.11,97365.99,-0.02,-0.24,8.386,8.504,8.739,87171.85,89855.57,118906.22,2.17
2017-03-14,8.28,8.36,8.36,8.26,73429.09,0.08,0.97,8.344,8.471,8.706,86982.45,90112.59,113944.9,1.64
2017-03-15,8.36,8.38,8.28,8.27,43211.29,-0.08,-0.96,8.302,8.437,8.677,82526.21,81722.23,106984.96,0.96
2017-03-16,8.27,8.41,8.39,8.26,65896.94,0.11,1.33,8.322,8.416,8.642,69115.27,81926.52,101194.68,1.47
2017-03-17,8.38,8.46,8.36,8.35,68048.83,-0.03,-0.36,8.334,8.397,8.613,69590.43,78554.99,96961.94,1.52
2017-03-20,8.36,8.46,8.45,8.31,71420.6,0.09,1.08,8.368,8.377,8.583,64401.35,75786.6,94377.1,1.59
2017-03-21,8.44,8.45,8.44,8.37,63111.85,-0.01,-0.12,8.384,8.364,8.551,62337.9,74660.17,88896.71,1.41
2017-03-22,8.4,8.4,8.22,8.17,109259.68,-0.22,-2.61,8.372,8.337,8.507,75547.58,79036.9,87489.82,2.44
2017-03-23,8.25,8.49,8.4,8.23,114051.4,0.18,2.19,8.374,8.348,8.479,85178.47,77146.87,87224.11,2.55
2017-03-24,8.37,8.38,8.3,8.22,77479.59,-0.1,-1.19,8.362,8.348,8.445,87064.62,78327.53,86880.94,1.73
2017-03-27,8.31,8.33,8.29,8.17,81161.88,-0.01,-0.12,8.33,8.349,8.427,89012.88,76707.12,83281.34,1.81
2017-03-28,8.3,8.41,8.22,8.18,116342.02,-0.07,-0.84,8.286,8.335,8.403,99658.91,80998.41,85555.5,2.6
2017-03-29,8.2,8.22,8.04,7.98,109105.48,-0.18,-2.19,8.25,8.311,8.374,99628.07,87587.83,84655.03,2.44
2017-03-30,8.0,8.04,7.81,7.8,105931.99,-0.23,-2.86,8.132,8.253,8.335,98004.19,91591.33,86758.93,2.37
2017-03-31,7.79,7.93,7.83,7.77,73404.77,0.02,0.26,8.038,8.2,8.299,97189.23,92126.93,85340.96,1.64
2017-04-05,7.83,7.96,7.95,7.81,56588.69,0.12,1.53,7.97,8.15,8.264,92274.59,90643.74,83215.17,1.26
2017-04-06,7.94,8.01,7.98,7.91,51149.67,0.03,0.38,7.922,8.104,8.234,79236.12,89447.52,82053.85,1.14
2017-04-07,8.01,8.02,7.9,7.9,58888.66,-0.08,-1.0,7.894,8.072,8.205,69192.76,84410.42,81723.66,1.32
2017-04-10,7.9,7.94,7.77,7.75,65015.92,-0.13,-1.65,7.886,8.009,8.179,61009.54,79506.87,78326.87,1.45
2017-04-11,7.76,7.78,7.77,7.55,97395.01,0.0,0.0,7.874,7.956,8.152,65807.59,81498.41,79912.97,2.17
2017-04-12,7.74,7.82,7.78,7.68,58866.01,0.01,0.13,7.84,7.905,8.127,66263.05,79268.82,77987.97,1.31
2017-04-13,7.78,7.82,7.72,7.71,51660.32,-0.06,-0.77,7.788,7.855,8.095,66365.18,72800.65,76899.53,1.15
2017-04-14,7.73,7.74,7.49,7.44,79244.13,-0.23,-2.98,7.706,7.8,8.056,70436.28,69814.52,78701.17,1.77
2017-04-17,7.48,7.48,7.24,7.22,78384.54,-0.25,-3.34,7.6,7.743,7.998,73110.0,67059.77,79325.55,1.75
2017-04-18,7.25,7.31,7.08,7.06,67812.77,-0.16,-2.21,7.462,7.668,7.934,67193.55,66500.57,79313.75,1.51
2017-04-19,7.04,7.07,6.88,6.81,84441.85,-0.2,-2.83,7.282,7.561,7.856,72308.72,69285.89,79964.81,1.89
2017-04-20,6.89,6.93,6.79,6.6,69975.02,-0.09,-1.31,7.096,7.442,7.773,75971.66,71168.42,80307.97,1.56
2017-04-21,6.79,6.81,6.71,6.65,52545.42,-0.08,-1.18,6.94,7.323,7.698,70631.92,70534.1,77472.26,1.17
2017-04-24,6.72,6.72,6.51,6.46,61463.51,-0.2,-2.98,6.794,7.197,7.603,67247.71,70178.86,74842.86,1.37
2017-04-25,6.57,6.7,6.59,6.53,59603.44,0.08,1.23,6.696,7.079,7.518,65605.85,66399.7,73949.06,1.33
2017-04-26,6.6,6.75,6.7,6.6,50809.45,0.11,1.67,6.66,6.971,7.438,58879.37,65594.05,72431.43,1.13
2017-04-27,6.71,7.03,6.97,6.62,85962.21,0.27,4.03,6.696,6.896,7.376,62076.81,69024.23,70912.44,1.92
2017-04-28,6.99,7.03,6.9,6.87,72201.05,-0.07,-1.0,6.734,6.837,7.319,66007.93,68319.93,69067.22,1.61
2017-05-02,7.05,7.59,7.59,7.03,220152.14,0.69,10.0,6.95,6.872,7.308,97745.66,82496.69,74778.23,4.92
2017-05-03,7.87,8.18,7.88,7.65,558085.38,0.29,3.82,7.208,6.952,7.31,197442.05,131523.95,99012.26,12.46
2017-05-04,7.72,7.97,7.83,7.5,294833.12,-0.05,-0.64,7.434,7.047,7.304,246246.78,152563.07,110924.48,6.58
2017-05-05,7.73,7.75,7.45,7.43,191147.98,-0.38,-4.85,7.53,7.113,7.278,267283.93,164680.37,117924.4,4.27
2017-05-08,7.45,7.94,7.87,7.3,262382.25,0.42,5.64,7.724,7.229,7.276,305320.17,185664.05,128099.08,5.86
2017-05-09,7.8,7.83,7.76,7.57,161627.19,-0.11,-1.4,7.758,7.354,7.276,293615.18,195680.42,132929.64,3.61
2017-05-10,7.75,8.04,7.84,7.65,311882.78,0.08,1.03,7.75,7.479,7.279,244374.66,220908.36,143654.03,6.96
2017-05-11,7.69,7.87,7.44,7.07,325409.12,-0.4,-5.1,7.672,7.553,7.262,250489.86,248368.32,156981.18,7.27
2017-05-12,7.44,7.97,7.92,7.26,353016.69,0.48,6.45,7.766,7.648,7.272,282863.61,275073.77,172049.0,7.88
2017-05-15,7.88,8.4,7.99,7.8,488962.25,0.07,0.88,7.79,7.757,7.297,328179.61,316749.89,192534.91,10.92
2017-05-16,8.04,8.22,8.2,7.87,343995.16,0.21,2.63,7.878,7.818,7.345,364653.2,329134.19,205815.44,7.68
2017-05-17,8.11,8.14,8.08,7.96,243532.67,-0.12,-1.46,7.926,7.838,7.395,350983.18,297678.92,214601.43,5.44
2017-05-18,8.04,8.05,7.78,7.75,192456.77,-0.3,-3.71,7.994,7.833,7.44,324392.71,287441.29,220002.18,4.3
2017-05-19,7.77,7.91,7.66,7.61,146836.05,-0.12,-1.54,7.942,7.854,7.484,283156.58,283010.09,223845.23,3.28
2017-05-22,7.6,8.01,7.79,7.56,195368.42,0.13,1.7,7.902,7.846,7.538,224437.81,276308.71,230986.38,4.36
2017-05-23,7.77,7.77,7.25,7.18,201155.94,-0.54,-6.93,7.712,7.795,7.575,195869.97,280261.59,237971.0,4.49
2017-05-24,7.09,7.38,7.34,7.05,136917.81,0.09,1.24,7.564,7.745,7.612,174547.0,262765.09,241836.72,3.06
2017-05-25,7.3,7.41,7.36,7.13,126235.57,0.02,0.27,7.48,7.737,7.645,161302.76,242847.73,245608.03,2.82
2017-05-26,7.3,7.39,7.19,7.18,109732.33,-0.17,-2.31,7.386,7.664,7.656,153882.01,218519.3,246796.53,2.45
2017-05-31,7.27,7.38,7.2,7.18,108807.39,0.01,0.14,7.268,7.585,7.671,136569.81,180503.81,248626.85,2.43
2017-06-01,7.14,7.24,6.82,6.74,138181.56,-0.38,-5.28,7.182,7.447,7.633,123974.93,159922.45,244528.32,3.09
2017-06-02,6.79,7.01,6.95,6.76,104166.29,0.13,1.91,7.104,7.334,7.586,117424.63,145985.81,221832.37,2.33
2017-06-05,6.96,7.07,7.03,6.91,77524.07,0.08,1.15,7.038,7.259,7.546,107682.33,134492.54,210966.91,1.73
2017-06-06,7.02,7.09,7.08,6.96,78248.16,0.05,0.71,7.016,7.201,7.528,101385.49,127633.75,205321.92,1.75
2017-06-07,7.11,7.26,7.25,7.06,116967.36,0.17,2.4,7.026,7.147,7.497,103017.49,119793.65,198051.18,2.61
2017-06-08,7.23,7.26,7.21,7.13,98535.12,-0.04,-0.55,7.104,7.143,7.469,95088.2,109531.57,194896.58,2.2
2017-06-09,7.21,7.21,7.14,7.06,101883.06,-0.07,-0.97,7.142,7.123,7.434,94631.55,106028.09,184396.59,2.28
2017-06-12,7.11,7.11,6.96,6.96,80378.0,-0.18,-2.52,7.128,7.083,7.41,95202.34,101442.33,172145.03,1.79
2017-06-13,6.95,7.13,7.13,6.93,96751.66,0.17,2.44,7.138,7.077,7.371,98903.04,100144.27,159331.78,2.16
2017-06-14,7.1,7.12,7.07,7.02,70413.6,-0.06,-0.84,7.102,7.064,7.325,89592.29,96304.89,138404.35,1.57
2017-06-15,7.05,7.22,7.2,7.03,108074.81,0.13,1.84,7.1,7.102,7.275,91500.23,93294.21,126608.33,2.41
2017-06-16,7.2,7.25,7.22,7.15,74254.52,0.02,0.28,7.116,7.129,7.232,85974.52,90303.04,118144.42,1.66
2017-06-19,7.25,7.41,7.37,7.23,149429.53,0.15,2.08,7.198,7.163,7.211,99784.82,97493.58,115993.06,3.34
2017-06-20,7.35,7.36,7.26,7.23,129058.0,-0.11,-1.49,7.224,7.181,7.191,106246.09,102574.57,115104.16,2.88
2017-06-21,7.27,7.32,7.31,7.21,88360.58,0.05,0.69,7.272,7.187,7.167,109835.49,99713.89,109753.77,1.97
2017-06-22,7.32,7.33,7.12,7.1,112003.0,-0.19,-2.6,7.256,7.178,7.161,110621.13,101060.68,105296.12,2.5
2017-06-23,7.09,7.12,7.05,6.92,98619.6,-0.07,-0.98,7.222,7.169,7.146,115494.14,100734.33,103381.21,2.2
2017-06-26,7.0,7.21,7.19,7.0,101337.04,0.14,1.99,7.186,7.192,7.138,105875.64,102830.23,102136.28,2.26
2017-06-27,7.2,7.26,7.23,7.16,83450.84,0.04,0.56,7.18,7.202,7.14,96754.21,101500.15,100822.21,1.86
2017-06-28,7.21,7.43,7.35,7.16,213310.38,0.12,1.66,7.188,7.23,7.147,121744.17,115789.83,106047.36,4.76
2017-06-29,7.29,7.54,7.48,7.27,171534.56,0.13,1.77,7.26,7.258,7.18,133650.48,122135.81,107715.01,3.83
2017-06-30,7.4,7.64,7.49,7.39,189273.88,0.01,0.13,7.348,7.285,7.207,151781.34,133637.74,111970.39,4.23
2017-07-03,7.5,7.69,7.64,7.42,160635.62,0.15,2.0,7.438,7.312,7.238,163641.06,134758.35,116125.97,3.59
2017-07-04,7.64,7.64,7.52,7.47,120491.56,-0.12,-1.57,7.496,7.338,7.26,171049.2,133901.71,118238.14,2.69
2017-07-05,7.49,7.6,7.57,7.42,130588.0,0.05,0.67,7.54,7.364,7.276,154504.72,138124.45,118919.17,2.92
2017-07-06,7.56,7.66,7.65,7.43,152288.62,0.08,1.06,7.574,7.417,7.298,150655.54,142153.01,121606.84,3.4
2017-07-07,7.6,7.62,7.58,7.49,125760.05,-0.07,-0.92,7.592,7.47,7.32,137952.77,144867.06,122800.69,2.81
2017-07-10,7.51,8.08,7.87,7.51,369288.84,0.29,3.83,7.638,7.538,7.365,179683.41,171662.24,137246.23,8.25
2017-07-11,7.78,8.06,7.78,7.72,264613.38,-0.09,-1.14,7.69,7.593,7.398,208507.78,189778.49,145639.32,5.91
2017-07-12,7.8,8.36,8.3,7.7,530042.75,0.52,6.68,7.836,7.688,7.459,288398.73,221451.73,168620.78,11.84
2017-07-13,8.2,8.31,8.29,8.1,302392.84,-0.01,-0.12,7.964,7.769,7.514,318419.57,234537.55,178336.68,6.75
2017-07-14,8.22,8.26,8.12,8.04,216666.12,-0.17,-2.05,8.072,7.832,7.559,336600.79,237276.78,185457.26,4.84
2017-07-17,8.14,8.16,7.66,7.51,255873.39,-0.46,-5.67,8.03,7.834,7.573,313917.7,246800.56,190779.45,5.71
2017-07-18,7.69,8.43,8.43,7.65,538654.31,0.77,10.05,8.16,7.925,7.632,368725.88,288616.83,211259.27,12.03
2017-07-19,8.39,8.59,8.56,8.25,609047.94,0.13,1.54,8.212,8.024,7.694,384526.92,336462.82,237293.64,13.6
2017-07-20,8.45,9.06,8.75,8.38,633349.44,0.19,2.22,8.304,8.134,7.776,450718.24,384568.91,263360.96,14.14
2017-07-21,8.69,9.58,9.44,8.63,838989.0,0.69,7.89,8.568,8.32,7.895,575182.82,455891.8,300379.43,18.74
2017-07-24,9.4,10.29,9.57,9.19,1078558.75,0.13,1.38,8.95,8.49,8.014,739719.89,526818.79,349240.51,24.09
2017-07-25,9.35,9.5,9.44,9.12,609077.94,-0.13,-1.36,9.152,8.656,8.125,753804.61,561265.25,375521.87,13.6
2017-07-26,9.33,9.95,9.71,8.96,824142.88,0.27,2.86,9.382,8.797,8.243,796823.6,590675.26,406063.49,18.4
2017-07-27,9.5,9.77,9.27,9.05,572749.12,-0.44,-4.53,9.486,8.895,8.332,784703.54,617710.89,426124.22,12.79
2017-07-28,9.09,9.36,9.13,9.08,355563.28,-0.14,-1.51,9.424,8.996,8.414,688018.39,631600.61,434438.69,7.94
2017-07-31,9.11,9.43,9.39,8.91,500686.69,0.26,2.85,9.388,9.169,8.502,572443.98,656081.93,451441.25,11.18
2017-08-01,9.4,9.44,9.11,9.08,336920.12,-0.28,-2.98,9.322,9.237,8.581,518012.42,635908.52,462262.67,7.52
2017-08-02,9.1,9.19,9.0,8.9,314644.47,-0.11,-1.21,9.18,9.281,8.653,416112.74,606468.17,471465.5,7.03
2017-08-03,8.93,9.04,8.98,8.84,265658.59,-0.02,-0.22,9.122,9.304,8.719,354694.63,569699.08,477134.0,5.93
2017-08-04,8.97,9.05,8.69,8.66,312138.44,-0.29,-3.23,9.034,9.229,8.775,346009.66,517014.03,486452.91,6.97
2017-08-07,8.68,8.8,8.8,8.43,268703.88,0.11,1.27,8.916,9.152,8.821,299613.1,436028.54,481423.67,6.0
2017-08-08,8.72,9.68,9.58,8.66,831844.62,0.78,8.86,9.01,9.166,8.911,398598.0,458305.21,509785.23,18.58
2017-08-09,9.45,9.52,9.35,9.21,497229.75,-0.23,-2.4,9.08,9.13,8.964,435115.06,425613.9,508144.58,11.1
2017-08-10,9.31,9.78,9.52,9.21,663211.31,0.17,1.82,9.188,9.155,9.025,514625.6,434660.11,526185.5,14.81
2017-08-11,9.35,9.48,8.89,8.79,443698.0,-0.63,-6.62,9.228,9.131,9.064,540937.51,443473.59,537537.1,9.91
2017-08-14,8.83,9.1,9.01,8.75,250190.23,0.12,1.35,9.27,9.093,9.131,537234.78,418423.94,537252.94,5.59
2017-08-15,8.98,9.35,9.14,8.9,316487.34,0.13,1.44,9.182,9.096,9.167,434163.33,416380.66,526144.59,7.07
2017-08-16,9.04,9.09,8.95,8.8,276021.16,-0.19,-2.08,9.102,9.091,9.186,389921.61,412518.33,509493.25,6.16
2017-08-17,8.91,8.97,8.9,8.76,240430.38,-0.05,-0.56,8.978,9.083,9.194,305365.42,409995.51,489847.3,5.37
2017-08-18,8.76,8.86,8.7,8.65,212362.44,-0.2,-2.25,8.94,9.084,9.157,259098.31,400017.91,458515.97,4.74
2017-08-21,8.7,8.85,8.82,8.7,150140.59,0.12,1.38,8.902,9.086,9.119,239088.38,388161.58,412095.06,3.35
2017-08-22,8.8,8.81,8.65,8.59,177390.61,-0.17,-1.93,8.804,8.993,9.08,211269.04,322716.18,390510.7,3.96
2017-08-23,8.66,8.75,8.57,8.56,133269.42,-0.08,-0.93,8.728,8.915,9.023,182718.69,286320.15,355967.02,2.98
2017-08-24,8.54,8.62,8.4,8.34,159260.78,-0.17,-1.98,8.628,8.803,8.979,166484.77,235925.1,335292.61,3.56
2017-08-25,8.38,8.56,8.54,8.38,126693.79,0.14,1.67,8.596,8.768,8.95,149351.04,204224.67,323849.13,2.83
2017-08-28,8.56,8.72,8.72,8.51,188091.16,0.18,2.11,8.576,8.739,8.916,156941.15,198014.77,308219.35,4.2
2017-08-29,8.71,8.77,8.66,8.62,119341.02,-0.06,-0.69,8.578,8.691,8.894,145331.23,178300.13,297340.4,2.67
2017-08-30,8.68,8.97,8.95,8.62,292539.06,0.29,3.35,8.654,8.691,8.891,177185.16,179951.93,296235.13,6.53
2017-08-31,8.84,8.86,8.8,8.71,224666.88,-0.15,-1.68,8.734,8.681,8.882,190266.38,178375.58,294185.54,5.02
2017-09-01,8.79,8.85,8.65,8.62,193486.3,-0.15,-1.71,8.756,8.676,8.88,203624.88,176487.96,288252.94,4.32
2017-09-04,8.6,8.73,8.73,8.51,173451.09,0.08,0.93,8.758,8.667,8.877,200696.87,178819.01,283490.3,3.87
2017-09-05,8.7,8.72,8.58,8.52,147230.27,-0.15,-1.72,8.742,8.66,8.827,206274.72,175802.98,249259.58,3.29
2017-09-06,8.49,8.64,8.6,8.46,135790.69,0.02,0.23,8.672,8.663,8.789,174925.05,176055.1,231187.63,3.03
2017-09-07,8.58,8.65,8.62,8.52,128168.04,0.02,0.23,8.636,8.685,8.744,155625.28,172945.83,204435.46,2.86
2017-09-08,8.61,8.65,8.58,8.51,110086.49,-0.04,-0.46,8.622,8.689,8.729,138945.32,171285.1,187754.89,2.46
2017-09-11,8.63,9.13,9.09,8.6,558950.19,0.51,5.94,8.694,8.726,8.733,216045.14,208371.0,203192.88,12.48
2017-09-12,9.05,9.13,9.07,8.91,367375.81,-0.02,-0.22,8.792,8.767,8.729,260074.24,233174.48,205737.31,8.2
2017-09-13,9.09,9.45,9.27,9.05,486280.91,0.2,2.21,8.926,8.799,8.745,330172.29,252548.67,216250.3,10.86
2017-09-14,9.19,9.38,9.13,8.98,299607.94,-0.14,-1.51,9.028,8.832,8.757,364460.27,260042.77,219209.17,6.69
2017-09-15,9.1,9.47,9.38,9.01,465985.41,0.25,2.74,9.188,8.905,8.791,435640.05,287292.68,231890.32,10.41
2017-09-18,9.29,9.44,9.37,9.1,282794.75,-0.01,-0.11,9.244,8.969,8.818,380408.96,298227.05,238523.03,6.32
2017-09-19,9.33,9.35,9.13,9.03,250449.02,-0.24,-2.56,9.256,9.024,8.842,357023.61,308548.93,242175.95,5.59
2017-09-20,9.14,9.19,9.08,8.92,196403.19,-0.05,-0.55,9.218,9.072,8.868,299048.06,314610.18,245332.64,4.39
2017-09-21,9.07,9.45,9.19,9.02,355918.72,0.11,1.21,9.23,9.129,8.907,310310.22,337385.24,255165.54,7.95
2017-09-22,9.07,9.07,8.92,8.77,285291.53,-0.27,-2.94,9.138,9.163,8.926,274171.44,354905.75,263095.42,6.37
2017-09-25,8.83,8.88,8.49,8.43,217058.98,-0.43,-4.82,8.962,9.103,8.915,261024.29,320716.63,264543.81,4.85
2017-09-26,8.44,8.57,8.56,8.44,92232.19,0.07,0.82,8.848,9.052,8.91,229380.92,293202.26,263188.37,2.06
2017-09-27,8.52,8.62,8.54,8.5,89651.29,-0.02,-0.23,8.74,8.979,8.889,208030.54,253539.3,253043.98,2.0
2017-09-28,8.53,8.58,8.45,8.42,104880.97,-0.09,-1.05,8.592,8.911,8.872,157822.99,234066.61,247054.69,2.34
2017-09-29,8.47,8.57,8.51,8.45,85608.67,0.06,0.71,8.51,8.824,8.865,117886.42,196028.93,241660.81,1.91
2017-10-09,8.6,8.69,8.64,8.54,116343.48,0.13,1.53,8.54,8.751,8.86,97743.32,179383.8,238805.43,2.6
2017-10-10,8.61,8.81,8.79,8.54,172012.06,0.15,1.74,8.586,8.717,8.871,113699.29,171540.11,240044.52,3.84
2017-10-11,8.75,8.87,8.72,8.69,139802.3,-0.07,-0.8,8.622,8.681,8.877,123729.5,165880.02,240245.1,3.12
2017-10-12,8.68,8.84,8.84,8.64,130969.6,0.12,1.38,8.7,8.646,8.888,128947.22,143385.11,240385.18,2.92
2017-10-13,8.82,8.84,8.79,8.74,93501.09,-0.05,-0.57,8.756,8.633,8.898,130525.71,124206.06,239555.9,2.09
2017-10-16,8.8,9.46,9.0,8.8,420286.31,0.21,2.39,8.828,8.684,8.894,191314.27,144528.8,232622.71,9.39
2017-10-17,8.86,8.89,8.78,8.63,181473.52,-0.22,-2.44,8.826,8.706,8.879,193206.56,153452.93,223327.6,4.05
2017-10-18,8.75,9.35,9.12,8.72,461738.16,0.34,3.87,8.906,8.764,8.872,257593.74,190661.62,222100.46,10.31
2017-10-19,9.0,9.39,9.37,8.96,567529.12,0.25,2.74,9.012,8.856,8.884,344905.64,236926.43,235496.52,12.67
2017-10-20,9.37,9.39,9.38,9.1,355684.91,0.01,0.11,9.13,8.943,8.884,397342.4,263934.06,229981.49,7.94
2017-10-23,9.31,9.32,9.18,9.06,260759.78,-0.2,-2.13,9.166,8.997,8.874,365437.1,278375.68,228879.74,5.82
2017-10-24,9.15,9.28,9.26,8.92,250400.36,0.08,0.87,9.262,9.044,8.881,379222.47,286214.51,228877.31,5.59
2017-10-25,9.2,9.46,9.37,9.16,400572.94,0.11,1.19,9.312,9.109,8.895,366989.42,312291.58,239085.8,8.95
2017-10-26,9.31,9.33,9.21,9.15,250246.38,-0.16,-1.71,9.28,9.146,8.896,303532.87,324219.26,233802.18,5.59
2017-10-27,9.17,9.18,9.03,9.01,196282.73,-0.18,-1.95,9.21,9.17,8.902,271652.44,334497.42,229351.74,4.38
2017-10-30,9.03,9.09,8.26,8.2,353624.91,-0.77,-8.53,9.026,9.096,8.89,290225.46,327831.28,236180.04,7.9
2017-10-31,8.03,8.19,8.13,8.02,181967.27,-0.13,-1.57,8.8,9.031,8.869,276538.85,327880.66,240666.79,4.06
2017-11-01,8.13,8.17,7.84,7.82,256987.73,-0.29,-3.57,8.494,8.903,8.834,247821.8,307405.61,249033.61,5.74
2017-11-02,7.85,7.86,7.59,7.57,187205.91,-0.25,-3.19,8.17,8.725,8.791,235213.71,269373.29,253149.86,4.18
2017-11-03,7.55,7.71,7.65,7.51,117606.02,0.06,0.79,7.894,8.552,8.748,219478.37,245565.4,254749.73,2.63
2017-11-06,7.65,7.72,7.67,7.55,89289.19,0.02,0.26,7.776,8.401,8.699,166611.22,228418.34,253397.01,1.99
2017-11-07,7.68,7.7,7.7,7.6,78367.1,0.03,0.39,7.69,8.245,8.645,145891.19,211215.02,248714.77,1.75
2017-11-08,7.7,7.77,7.7,7.64,107632.66,0.0,0.0,7.662,8.078,8.594,116020.18,181920.99,247106.28,2.4
2017-11-09,7.7,7.72,7.68,7.61,86709.55,-0.02,-0.26,7.68,7.925,8.536,95920.9,165567.31,244893.28,1.94
2017-11-10,7.67,7.67,7.42,7.4,158449.02,-0.26,-3.38,7.634,7.764,8.467,104089.5,161783.94,248140.68,3.54
2017-11-13,7.42,7.45,7.31,7.22,152068.52,-0.1,-1.35,7.562,7.669,8.383,116645.37,141628.3,234729.79,3.4
2017-11-14,7.29,7.42,7.38,7.28,111754.6,0.07,0.96,7.498,7.594,8.313,123322.87,134607.03,231243.84,2.5
2017-11-15,7.35,7.35,7.23,7.2,84778.7,-0.15,-2.03,7.404,7.533,8.218,118752.08,117386.13,212395.87,1.89
2017-11-16,7.21,7.29,7.26,7.21,63531.15,0.03,0.41,7.32,7.5,8.113,114116.4,105018.65,187195.97,1.42
2017-11-17,7.22,7.23,6.91,6.85,135212.27,-0.34,-4.69,7.218,7.426,7.989,109469.05,106779.28,176172.34,3.02
2017-11-20,6.85,7.05,7.03,6.66,110348.53,0.13,1.88,7.162,7.362,7.882,101125.05,108885.21,168651.78,2.46
2017-11-21,7.0,7.08,7.06,6.96,64651.4,0.03,0.43,7.098,7.298,7.772,91704.41,107513.64,159364.33,1.44
2017-11-22,7.07,7.07,7.04,7.01,57220.37,-0.01,-0.14,7.06,7.232,7.655,86192.74,102472.41,142196.7,1.28
2017-11-23,7.05,7.11,6.86,6.83,78273.62,-0.18,-2.56,6.98,7.15,7.538,89141.24,101628.82,133598.06,1.75
2017-11-24,6.86,7.03,6.97,6.86,56102.01,0.12,1.75,6.992,7.105,7.435,73319.19,91394.12,126589.03,1.25
2017-11-27,7.01,7.28,7.21,6.98,155598.95,0.24,3.44,7.028,7.095,7.382,82369.27,91747.16,116687.73,3.47
2017-11-28,7.16,7.26,7.24,7.13,98665.1,0.03,0.42,7.064,7.081,7.338,89172.01,90438.21,112522.62,2.2
2017-11-29,7.22,7.22,7.21,7.12,73944.73,-0.04,-0.55,7.098,7.079,7.306,92516.88,89354.81,103370.47,1.65
2017-11-30,7.19,7.27,7.11,7.1,75348.11,-0.11,-1.52,7.148,7.064,7.282,91931.78,90536.51,97777.58,1.68
2017-12-01,7.13,7.25,7.19,7.09,55633.83,0.08,1.12,7.192,7.092,7.259,91838.14,82578.67,94678.97,1.24
2017-12-04,7.13,7.19,7.01,6.99,68151.59,-0.17,-2.37,7.152,7.09,7.226,74348.67,78358.97,93622.09,1.52
2017-12-05,6.99,7.02,6.81,6.71,92281.67,-0.19,-2.71,7.066,7.065,7.182,73071.99,81122.0,94317.82,2.06
2017-12-06,6.76,6.99,6.98,6.73,62332.25,0.17,2.5,7.02,7.059,7.146,70749.49,81633.19,92052.8,1.39
2017-12-07,6.99,7.03,6.94,6.91,49739.01,-0.04,-0.57,6.986,7.067,7.109,65627.67,78779.73,90204.27,1.11
2017-12-08,6.98,7.1,7.06,6.93,74992.27,0.12,1.73,6.96,7.076,7.091,69499.36,80668.75,86031.43,1.67
2017-12-11,7.07,7.18,7.17,7.05,64702.86,0.12,1.7,6.992,7.072,7.084,68809.61,71579.14,81663.15,1.44
2017-12-12,7.25,7.25,7.11,7.07,61553.31,-0.06,-0.84,7.052,7.059,7.07,62663.94,67867.96,79153.09,1.37
2017-12-13,7.11,7.2,7.19,7.06,60587.81,0.09,1.27,7.094,7.057,7.068,62315.05,66532.27,77943.54,1.35
2017-12-14,7.3,7.34,7.29,7.19,108680.43,0.1,1.39,7.164,7.075,7.07,74103.34,69865.5,80201.01,2.43
2017-12-15,7.24,7.3,7.26,7.17,85859.23,-0.03,-0.41,7.204,7.082,7.087,76276.73,72888.04,77733.35,1.92
2017-12-18,7.25,7.59,7.41,7.22,191947.31,0.16,2.21,7.252,7.122,7.106,101725.62,85267.62,81813.29,4.29
2017-12-19,7.34,7.43,7.41,7.32,90311.12,0.0,0.0,7.312,7.182,7.124,107477.18,85070.56,83096.28,2.02
2017-12-20,7.37,7.46,7.29,7.21,91895.3,-0.12,-1.62,7.332,7.213,7.136,113738.68,88026.87,84830.03,2.05
2017-12-21,7.27,7.29,7.21,7.1,75042.32,-0.09,-1.23,7.316,7.24,7.154,107011.06,90557.2,84668.46,1.68
2017-12-22,7.2,7.26,7.24,7.18,48111.51,0.02,0.28,7.312,7.258,7.167,99461.51,87869.12,84268.94,1.07
2017-12-25,7.3,7.44,7.42,7.25,134778.22,0.19,2.63,7.314,7.283,7.178,88027.69,94876.66,83227.9,3.01
2017-12-26,7.38,7.51,7.45,7.35,125950.17,0.03,0.4,7.322,7.317,7.188,95155.5,101316.34,84592.15,2.81
2017-12-27,7.45,7.45,7.26,7.23,108270.26,-0.2,-2.68,7.316,7.324,7.191,98430.5,106084.59,86308.43,2.42
2017-12-28,7.28,7.36,7.32,7.21,82378.79,0.06,0.83,7.338,7.327,7.201,99897.79,103454.42,86659.96,1.84
2017-12-29,7.28,7.35,7.32,7.25,79445.48,0.0,0.0,7.354,7.333,7.208,106164.58,102813.05,87850.55,1.77
2018-01-02,7.33,7.33,7.33,7.23,84347.35,0.0,0.0,7.336,7.325,7.224,96078.41,92053.05,88660.33,1.88
2018-01-03,7.33,7.4,7.39,7.29,114524.19,0.06,0.82,7.324,7.323,7.253,93793.21,94474.36,89772.46,2.56
2018-01-04,7.4,7.44,7.41,7.35,86955.39,0.01,0.14,7.354,7.335,7.274,89530.24,93980.37,91003.62,1.94
2018-01-05,7.41,7.55,7.51,7.34,190553.33,0.1,1.35,7.392,7.365,7.303,111165.15,105531.47,98044.33,4.26
2018-01-08,7.5,7.54,7.48,7.44,124418.1,-0.03,-0.4,7.424,7.389,7.324,120159.67,113162.13,100515.62,2.78
2018-01-09,7.48,7.48,7.32,7.29,113273.91,-0.16,-2.14,7.422,7.379,7.331,125944.98,111011.7,102944.18,2.53
2018-01-10,7.3,7.3,7.11,7.05,124611.78,-0.21,-2.87,7.366,7.345,7.331,127962.5,110877.86,106097.1,2.78
2018-01-11,7.11,7.18,7.14,7.04,63440.25,0.02,0.28,7.312,7.333,7.329,123259.47,106394.86,106239.72,1.42
2018-01-12,7.15,7.21,7.08,7.07,63620.0,-0.07,-0.98,7.226,7.309,7.318,97872.81,104518.98,103986.7,1.42
2018-01-15,7.02,7.04,6.78,6.71,105372.87,-0.3,-4.24,7.086,7.255,7.294,94063.76,107111.72,104962.38,2.35
2018-01-16,6.79,7.06,7.02,6.78,96318.23,0.24,3.54,7.026,7.224,7.275,90672.63,108308.81,100180.93,2.15
2018-01-17,6.98,7.23,7.07,6.87,111455.45,0.04,0.57,7.018,7.192,7.258,88041.36,108001.93,101238.14,2.49
2018-01-18,7.01,7.09,7.04,6.97,59153.25,-0.03,-0.42,6.998,7.155,7.245,87183.96,105221.72,99601.04,1.32
2018-01-19,7.04,7.05,6.98,6.97,51387.0,-0.06,-0.85,6.978,7.102,7.234,84737.36,91305.08,98418.28,1.15
2018-01-22,6.96,7.09,7.04,6.88,62272.55,0.05,0.71,7.03,7.058,7.224,76117.3,85090.53,99126.33,1.39
2018-01-23,7.07,7.14,7.1,7.02,81887.43,0.06,0.85,7.046,7.036,7.208,73231.14,81951.88,96481.79,1.83
2018-01-24,7.07,7.08,7.05,6.97,58717.08,-0.04,-0.56,7.042,7.03,7.188,62683.46,75362.41,93120.13,1.31
2018-01-25,7.04,7.1,7.07,7.0,65148.68,0.01,0.14,7.048,7.023,7.178,63882.55,75533.25,90964.06,1.45
2018-01-26,7.07,7.19,7.15,7.02,106612.91,0.08,1.13,7.082,7.03,7.17,74927.73,79832.55,92175.76,2.38
2018-01-29,7.13,7.14,7.02,6.98,79960.64,-0.13,-1.82,7.078,7.054,7.155,78465.35,77291.32,92201.52,1.79
2018-01-30,7.0,7.01,6.95,6.86,76463.68,-0.07,-1.0,7.048,7.047,7.136,77380.6,75305.87,91807.34,1.71
2018-01-31,6.92,6.95,6.75,6.7,81845.45,-0.2,-2.88,6.988,7.015,7.104,82006.27,72344.87,90173.4,1.83
2018-02-01,6.71,6.77,6.15,6.12,147267.33,-0.59,-8.75,6.804,6.926,7.041,98430.0,81156.27,93189.0,3.29
2018-02-02,6.07,6.09,6.01,5.66,91064.3,-0.13,-2.12,6.576,6.829,6.966,95320.28,85124.01,88214.54,2.03
2018-02-05,6.13,6.61,6.61,6.13,195853.45,0.6,9.98,6.494,6.786,6.922,118498.84,98482.1,91786.31,4.37
2018-02-06,6.5,6.79,6.36,6.35,260015.25,-0.25,-3.78,6.376,6.712,6.874,155209.16,116294.88,99123.38,5.81
2018-02-07,6.55,7.0,6.89,6.4,288287.09,0.53,8.33,6.404,6.696,6.863,196497.48,139251.88,107307.14,6.44
2018-02-08,7.0,7.0,6.81,6.69,172275.23,-0.07,-1.02,6.536,6.67,6.847,201499.06,149964.53,112748.89,3.85
2018-02-09,6.55,6.55,6.2,6.16,156443.7,-0.61,-8.96,6.574,6.575,6.803,214574.94,154947.61,117390.08,3.49
2018-02-12,6.17,6.51,6.48,6.17,115262.51,0.31,5.02,6.548,6.521,6.788,198456.76,158477.8,117884.56,2.57
2018-02-13,6.53,6.53,6.37,6.34,92101.86,-0.12,-1.85,6.55,6.463,6.755,164874.08,160041.62,117673.74,2.06
2018-02-14,6.26,6.36,6.29,6.19,66483.24,-0.07,-1.1,6.43,6.417,6.716,120513.31,158505.4,115425.13,1.48
2018-02-22,6.36,6.43,6.37,6.33,61385.01,0.07,1.11,6.342,6.439,6.683,98335.26,149917.16,115536.72,1.37
2018-02-23,6.35,7.01,7.01,6.33,248252.2,0.64,10.05,6.504,6.539,6.684,116696.96,165635.95,125379.98,5.54
2018-02-26,7.24,7.37,7.33,6.96,459828.56,0.32,4.57,6.674,6.611,6.699,185610.17,192033.47,145257.78,10.27
2018-02-27,7.18,7.47,7.43,7.09,353024.78,0.1,1.36,6.886,6.718,6.715,237794.76,201334.42,158814.65,7.88
2018-02-28,7.26,7.33,7.24,7.17,225833.3,-0.19,-2.56,7.076,6.753,6.725,269664.77,195089.04,167170.46,5.04
2018-03-01,7.15,7.32,7.29,7.1,186371.86,0.06,0.83,7.26,6.801,6.736,294662.14,196498.7,173231.62,4.16
2018-03-02,7.16,7.6,7.37,7.12,325265.72,0.08,1.1,7.332,6.918,6.747,310064.84,213380.9,184164.26,7.26
2018-03-05,7.34,7.51,7.44,7.21,225226.3,0.07,0.95,7.354,7.014,6.768,263144.39,224377.28,191427.54,5.03
2018-03-06,7.43,7.48,7.43,7.25,236012.48,0.0,0.0,7.354,7.12,6.792,239741.93,238768.35,199404.98,5.27
2018-03-07,7.38,7.44,7.27,7.25,180628.12,-0.15,-2.02,7.36,7.218,6.818,230700.9,250182.83,204344.11,4.03
2018-03-08,7.24,7.3,7.21,7.08,165760.38,-0.06,-0.82,7.344,7.302,6.871,226578.6,260620.37,205268.77,3.7
2018-03-09,7.26,7.33,7.32,7.16,170219.19,0.1,1.39,7.334,7.333,6.936,195569.29,252817.07,209226.51,3.8
2018-03-12,7.32,7.4,7.38,7.21,224786.19,0.07,0.96,7.322,7.338,6.975,195481.27,229312.83,210673.15,5.02
2018-03-13,7.35,7.78,7.35,7.28,375577.59,-0.04,-0.54,7.306,7.33,7.024,223394.29,231568.11,216451.27,8.39
2018-03-14,7.2,7.21,7.16,7.1,190610.19,-0.19,-2.58,7.284,7.322,7.038,225390.71,228045.8,211567.42,4.26
2018-03-15,7.1,7.16,6.97,6.95,159394.69,-0.18,-2.52,7.236,7.29,7.046,224117.57,225348.09,210923.39,3.56
2018-03-16,6.94,7.02,6.8,6.79,103304.11,-0.16,-2.3,7.132,7.233,7.076,210734.55,203151.92,208266.41,2.31
2018-03-19,6.69,6.92,6.83,6.69,73053.66,0.03,0.44,7.022,7.172,7.093,180388.05,187934.66,206155.97,1.63
2018-03-20,6.74,6.9,6.86,6.7,79035.03,0.03,0.44,6.924,7.115,7.118,121079.54,172236.91,205502.63,1.76
2018-03-21,6.84,7.02,6.78,6.75,96424.96,-0.08,-1.17,6.848,7.066,7.142,102242.49,163816.6,206999.72,2.15
2018-03-22,6.71,7.05,6.97,6.71,115710.95,0.19,2.8,6.848,7.042,7.172,93505.74,158811.66,209716.01,2.58
2018-03-23,7.67,7.67,7.67,7.39,649278.62,0.7,10.04,7.022,7.077,7.205,202700.64,206717.6,229767.33,14.5
2018-03-26,8.24,8.44,7.83,7.77,1177232.5,0.16,2.09,7.222,7.122,7.23,423536.41,301962.23,265637.53,26.29
2018-03-27,7.22,8.15,7.97,7.22,868203.88,0.14,1.79,7.444,7.184,7.257,581370.18,351224.86,291396.49,19.39
2018-03-28,7.68,7.85,7.42,7.36,563712.44,-0.55,-6.9,7.572,7.21,7.266,674827.68,388535.08,308290.44,12.59
2018-03-29,7.35,7.56,7.43,7.34,301529.78,0.02,0.27,7.664,7.256,7.273,711991.44,402748.59,314048.34,6.73
2018-03-30,7.4,7.54,7.49,7.33,308568.38,0.07,0.94,7.628,7.325,7.279,643849.4,423275.02,313213.47,6.89
2018-04-02,7.76,7.84,7.78,7.47,546860.62,0.29,3.87,7.618,7.42,7.296,517775.02,470655.72,329295.19,12.21
2018-04-03,7.6,7.96,7.66,7.57,482269.69,-0.12,-1.54,7.556,7.5,7.308,440588.18,510979.18,341608.05,10.77
2018-04-04,7.75,8.42,8.42,7.43,789760.12,0.77,10.06,7.756,7.664,7.365,485797.72,580312.7,372064.65,17.64
2018-04-09,8.45,9.23,8.69,8.3,1095515.88,0.27,3.21,8.008,7.836,7.439,644594.94,678293.19,418552.42,24.46
2018-04-10,8.4,8.51,8.14,8.02,682089.25,-0.56,-6.44,8.138,7.883,7.48,719299.11,681574.25,444145.93,15.23
